,class,confidence,color
0,"Überholverbot für Kraftfahrzeuge mit einer zulässigen Gesamtmasse über 3,5t",0.15224764,"(0, 0, 0)"
1,Rechts vorbei,0.16122183,"(0, 0, 25)"
2,Rechts vorbei,0.17687334,"(0, 0, 50)"
3,Rechts vorbei,0.06027685,"(0, 0, 75)"
4,Rechts vorbei,0.01267506,"(0, 0, 100)"
5,Rechts vorbei,0.00307625,"(0, 0, 125)"
6,Rechts vorbei,0.001224,"(0, 0, 150)"
7,Rechts vorbei,0.00048573,"(0, 0, 175)"
8,Rechts vorbei,0.00019262,"(0, 0, 200)"
9,Rechts vorbei,7.636e-05,"(0, 0, 225)"
10,Rechts vorbei,0.0900749,"(0, 25, 0)"
11,Rechts vorbei,0.22668619,"(0, 25, 25)"
12,Rechts vorbei,0.25221384,"(0, 25, 50)"
13,Rechts vorbei,0.09938131,"(0, 25, 75)"
14,Rechts vorbei,0.02244396,"(0, 25, 100)"
15,Rechts vorbei,0.00796378,"(0, 25, 125)"
16,Rechts vorbei,0.00274749,"(0, 25, 150)"
17,Rechts vorbei,0.00094153,"(0, 25, 175)"
18,Rechts vorbei,0.00033616,"(0, 25, 200)"
19,Rechts vorbei,0.00013203,"(0, 25, 225)"
20,Rechts vorbei,0.12419409,"(0, 50, 0)"
21,Rechts vorbei,0.2011666,"(0, 50, 25)"
22,Rechts vorbei,0.12303814,"(0, 50, 50)"
23,Rechts vorbei,0.02891897,"(0, 50, 75)"
24,Rechts vorbei,0.01027059,"(0, 50, 100)"
25,Rechts vorbei,0.00397842,"(0, 50, 125)"
26,Rechts vorbei,0.00156832,"(0, 50, 150)"
27,Rechts vorbei,0.00061662,"(0, 50, 175)"
28,Rechts vorbei,0.00024223,"(0, 50, 200)"
29,Rechts vorbei,9.513e-05,"(0, 50, 225)"
30,Rechts vorbei,0.13417594,"(0, 75, 0)"
31,Rechts vorbei,0.12546518,"(0, 75, 25)"
32,Rechts vorbei,0.04673315,"(0, 75, 50)"
33,Rechts vorbei,0.01790508,"(0, 75, 75)"
34,Rechts vorbei,0.00725159,"(0, 75, 100)"
35,Rechts vorbei,0.00287184,"(0, 75, 125)"
36,Rechts vorbei,0.00113065,"(0, 75, 150)"
37,Rechts vorbei,0.00044436,"(0, 75, 175)"
38,Rechts vorbei,0.00017454,"(0, 75, 200)"
39,Rechts vorbei,6.854e-05,"(0, 75, 225)"
40,Rechts vorbei,0.11021549,"(0, 100, 0)"
41,Rechts vorbei,0.07242537,"(0, 100, 25)"
42,Rechts vorbei,0.03090892,"(0, 100, 50)"
43,Rechts vorbei,0.01310227,"(0, 100, 75)"
44,Rechts vorbei,0.00524656,"(0, 100, 100)"
45,Rechts vorbei,0.00207175,"(0, 100, 125)"
46,Rechts vorbei,0.00081496,"(0, 100, 150)"
47,Rechts vorbei,0.0003202,"(0, 100, 175)"
48,Rechts vorbei,0.00012576,"(0, 100, 200)"
49,Rechts vorbei,4.938e-05,"(0, 100, 225)"
50,Rechts vorbei,0.07376562,"(0, 125, 0)"
51,Rechts vorbei,0.04868143,"(0, 125, 25)"
52,Rechts vorbei,0.02315062,"(0, 125, 50)"
53,Rechts vorbei,0.00953254,"(0, 125, 75)"
54,Rechts vorbei,0.00379043,"(0, 125, 100)"
55,Rechts vorbei,0.00149395,"(0, 125, 125)"
56,Rechts vorbei,0.00058734,"(0, 125, 150)"
57,Rechts vorbei,0.00023072,"(0, 125, 175)"
58,Rechts vorbei,9.061e-05,"(0, 125, 200)"
59,Rechts vorbei,3.558e-05,"(0, 125, 225)"
60,Rechts vorbei,0.05217795,"(0, 150, 0)"
61,Rechts vorbei,0.03861461,"(0, 150, 25)"
62,Rechts vorbei,0.01708452,"(0, 150, 50)"
63,Rechts vorbei,0.0069108,"(0, 150, 75)"
64,Rechts vorbei,0.00273591,"(0, 150, 100)"
65,Rechts vorbei,0.001077,"(0, 150, 125)"
66,Rechts vorbei,0.00042326,"(0, 150, 150)"
67,Rechts vorbei,0.00016625,"(0, 150, 175)"
68,Rechts vorbei,6.528e-05,"(0, 150, 200)"
69,Rechts vorbei,2.564e-05,"(0, 150, 225)"
70,Rechts vorbei,0.05040892,"(0, 175, 0)"
71,Rechts vorbei,0.02955272,"(0, 175, 25)"
72,Rechts vorbei,0.01249392,"(0, 175, 50)"
73,Rechts vorbei,0.00499912,"(0, 175, 75)"
74,Rechts vorbei,0.00197357,"(0, 175, 100)"
75,Rechts vorbei,0.00077628,"(0, 175, 125)"
76,Rechts vorbei,0.00030499,"(0, 175, 150)"
77,Rechts vorbei,0.00011978,"(0, 175, 175)"
78,Rechts vorbei,4.704e-05,"(0, 175, 200)"
79,Rechts vorbei,1.847e-05,"(0, 175, 225)"
80,Rechts vorbei,0.04572117,"(0, 200, 0)"
81,Rechts vorbei,0.02210334,"(0, 200, 25)"
82,Rechts vorbei,0.00908635,"(0, 200, 50)"
83,Rechts vorbei,0.00361123,"(0, 200, 75)"
84,Rechts vorbei,0.0014231,"(0, 200, 100)"
85,Rechts vorbei,0.00055945,"(0, 200, 125)"
86,Rechts vorbei,0.00021976,"(0, 200, 150)"
87,Rechts vorbei,8.63e-05,"(0, 200, 175)"
88,Rechts vorbei,3.389e-05,"(0, 200, 200)"
89,Rechts vorbei,1.331e-05,"(0, 200, 225)"
90,Rechts vorbei,0.03695778,"(0, 225, 0)"
91,Rechts vorbei,0.01629732,"(0, 225, 25)"
92,Rechts vorbei,0.00658568,"(0, 225, 50)"
93,Rechts vorbei,0.00260636,"(0, 225, 75)"
94,Rechts vorbei,0.0010259,"(0, 225, 100)"
95,Rechts vorbei,0.00040316,"(0, 225, 125)"
96,Rechts vorbei,0.00015835,"(0, 225, 150)"
97,Rechts vorbei,6.218e-05,"(0, 225, 175)"
98,Rechts vorbei,2.442e-05,"(0, 225, 200)"
99,Rechts vorbei,9.59e-06,"(0, 225, 225)"
100,"Überholverbot für Kraftfahrzeuge mit einer zulässigen Gesamtmasse über 3,5t",0.18767685,"(25, 0, 0)"
101,"Überholverbot für Kraftfahrzeuge mit einer zulässigen Gesamtmasse über 3,5t",0.1818011,"(25, 0, 25)"
102,Rechts vorbei,0.10670206,"(25, 0, 50)"
103,Rechts vorbei,0.09150608,"(25, 0, 75)"
104,Rechts vorbei,0.02468103,"(25, 0, 100)"
105,Rechts vorbei,0.00488568,"(25, 0, 125)"
106,Rechts vorbei,0.00184456,"(25, 0, 150)"
107,Rechts vorbei,0.00073276,"(25, 0, 175)"
108,Rechts vorbei,0.00029065,"(25, 0, 200)"
109,Rechts vorbei,0.00011524,"(25, 0, 225)"
110,Zulässige Höchstgeschwindigkeit (60),0.08992716,"(25, 25, 0)"
111,Rechts vorbei,0.07918748,"(25, 25, 25)"
112,Rechts vorbei,0.18968756,"(25, 25, 50)"
113,Rechts vorbei,0.19060242,"(25, 25, 75)"
114,Rechts vorbei,0.07121949,"(25, 25, 100)"
115,Rechts vorbei,0.02759565,"(25, 25, 125)"
116,Rechts vorbei,0.0113448,"(25, 25, 150)"
117,Rechts vorbei,0.00392715,"(25, 25, 175)"
118,Rechts vorbei,0.00134713,"(25, 25, 200)"
119,Rechts vorbei,0.00046095,"(25, 25, 225)"
120,Vorfahrt,0.09333597,"(25, 50, 0)"
121,Rechts vorbei,0.10834312,"(25, 50, 25)"
122,Rechts vorbei,0.17430755,"(25, 50, 50)"
123,Rechts vorbei,0.10881218,"(25, 50, 75)"
124,Rechts vorbei,0.03942002,"(25, 50, 100)"
125,Rechts vorbei,0.01460004,"(25, 50, 125)"
126,Rechts vorbei,0.00508737,"(25, 50, 150)"
127,Rechts vorbei,0.00183958,"(25, 50, 175)"
128,Rechts vorbei,0.0007234,"(25, 50, 200)"
129,Rechts vorbei,0.0002842,"(25, 50, 225)"
130,Vorfahrt,0.08656543,"(25, 75, 0)"
131,Rechts vorbei,0.10981108,"(25, 75, 25)"
132,Rechts vorbei,0.10796103,"(25, 75, 50)"
133,Rechts vorbei,0.04771783,"(25, 75, 75)"
134,Rechts vorbei,0.02093908,"(25, 75, 100)"
135,Rechts vorbei,0.00849656,"(25, 75, 125)"
136,Rechts vorbei,0.00336772,"(25, 75, 150)"
137,Rechts vorbei,0.00132632,"(25, 75, 175)"
138,Rechts vorbei,0.00052133,"(25, 75, 200)"
139,Rechts vorbei,0.00020478,"(25, 75, 225)"
140,Vorfahrt gewähren,0.07510172,"(25, 100, 0)"
141,Rechts vorbei,0.07832119,"(25, 100, 25)"
142,Rechts vorbei,0.0660823,"(25, 100, 50)"
143,Rechts vorbei,0.03607629,"(25, 100, 75)"
144,Rechts vorbei,0.01533537,"(25, 100, 100)"
145,Rechts vorbei,0.00614967,"(25, 100, 125)"
146,Rechts vorbei,0.00242985,"(25, 100, 150)"
147,Rechts vorbei,0.00095606,"(25, 100, 175)"
148,Rechts vorbei,0.00037567,"(25, 100, 200)"
149,Rechts vorbei,0.00014755,"(25, 100, 225)"
150,Vorfahrt gewähren,0.05590874,"(25, 125, 0)"
151,Rechts vorbei,0.04993667,"(25, 125, 25)"
152,Rechts vorbei,0.05669598,"(25, 125, 50)"
153,Rechts vorbei,0.02705053,"(25, 125, 75)"
154,Rechts vorbei,0.01116441,"(25, 125, 100)"
155,Rechts vorbei,0.00444412,"(25, 125, 125)"
156,Rechts vorbei,0.00175238,"(25, 125, 150)"
157,Rechts vorbei,0.00068906,"(25, 125, 175)"
158,Rechts vorbei,0.0002707,"(25, 125, 200)"
159,Rechts vorbei,0.00010631,"(25, 125, 225)"
160,Rechts vorbei,0.03498578,"(25, 150, 0)"
161,Rechts vorbei,0.05023501,"(25, 150, 25)"
162,Rechts vorbei,0.04501589,"(25, 150, 50)"
163,Rechts vorbei,0.01998218,"(25, 150, 75)"
164,Rechts vorbei,0.00809786,"(25, 150, 100)"
165,Rechts vorbei,0.00320839,"(25, 150, 125)"
166,Rechts vorbei,0.0012634,"(25, 150, 150)"
167,Rechts vorbei,0.00049657,"(25, 150, 175)"
168,Rechts vorbei,0.00019505,"(25, 150, 200)"
169,Rechts vorbei,7.66e-05,"(25, 150, 225)"
170,Rechts vorbei,0.03411485,"(25, 175, 0)"
171,Rechts vorbei,0.04789515,"(25, 175, 25)"
172,Rechts vorbei,0.03449389,"(25, 175, 50)"
173,Rechts vorbei,0.01462475,"(25, 175, 75)"
174,Rechts vorbei,0.00585991,"(25, 175, 100)"
175,Rechts vorbei,0.00231475,"(25, 175, 125)"
176,Rechts vorbei,0.00091068,"(25, 175, 150)"
177,Rechts vorbei,0.00035783,"(25, 175, 175)"
178,Rechts vorbei,0.00014054,"(25, 175, 200)"
179,Rechts vorbei,5.519e-05,"(25, 175, 225)"
180,Rechts vorbei,0.03417179,"(25, 200, 0)"
181,Rechts vorbei,0.04384296,"(25, 200, 25)"
182,Rechts vorbei,0.02582938,"(25, 200, 50)"
183,Rechts vorbei,0.01064269,"(25, 200, 75)"
184,Rechts vorbei,0.00423419,"(25, 200, 100)"
185,Rechts vorbei,0.00166929,"(25, 200, 125)"
186,Rechts vorbei,0.00065635,"(25, 200, 150)"
187,Rechts vorbei,0.00025784,"(25, 200, 175)"
188,Rechts vorbei,0.00010126,"(25, 200, 200)"
189,Rechts vorbei,3.976e-05,"(25, 200, 225)"
190,Rechts vorbei,0.03239369,"(25, 225, 0)"
191,Rechts vorbei,0.03560727,"(25, 225, 25)"
192,Rechts vorbei,0.01906367,"(25, 225, 50)"
193,Rechts vorbei,0.00771732,"(25, 225, 75)"
194,Rechts vorbei,0.00305653,"(25, 225, 100)"
195,Rechts vorbei,0.00120347,"(25, 225, 125)"
196,Rechts vorbei,0.00047299,"(25, 225, 150)"
197,Rechts vorbei,0.00018579,"(25, 225, 175)"
198,Rechts vorbei,7.296e-05,"(25, 225, 200)"
199,Rechts vorbei,2.865e-05,"(25, 225, 225)"
200,Zulässige Höchstgeschwindigkeit (70),0.20240168,"(50, 0, 0)"
201,"Überholverbot für Kraftfahrzeuge mit einer zulässigen Gesamtmasse über 3,5t",0.2039618,"(50, 0, 25)"
202,"Überholverbot für Kraftfahrzeuge mit einer zulässigen Gesamtmasse über 3,5t",0.20223598,"(50, 0, 50)"
203,Zulässige Höchstgeschwindigkeit (70),0.12174231,"(50, 0, 75)"
204,Rechts vorbei,0.04162528,"(50, 0, 100)"
205,Rechts vorbei,0.00970171,"(50, 0, 125)"
206,Rechts vorbei,0.00277307,"(50, 0, 150)"
207,Rechts vorbei,0.0011049,"(50, 0, 175)"
208,Rechts vorbei,0.00043854,"(50, 0, 200)"
209,Rechts vorbei,0.0001739,"(50, 0, 225)"
210,Zulässige Höchstgeschwindigkeit (70),0.09124724,"(50, 25, 0)"
211,Zulässige Höchstgeschwindigkeit (70),0.08449458,"(50, 25, 25)"
212,Zulässige Höchstgeschwindigkeit (70),0.09482989,"(50, 25, 50)"
213,Rechts vorbei,0.12614192,"(50, 25, 75)"
214,Rechts vorbei,0.1062393,"(50, 25, 100)"
215,Rechts vorbei,0.0390719,"(50, 25, 125)"
216,Rechts vorbei,0.01693266,"(50, 25, 150)"
217,Rechts vorbei,0.00686615,"(50, 25, 175)"
218,Rechts vorbei,0.00273986,"(50, 25, 200)"
219,Rechts vorbei,0.00108848,"(50, 25, 225)"
220,Vorfahrt,0.12253162,"(50, 50, 0)"
221,Vorfahrt,0.09966371,"(50, 50, 25)"
222,Rechts vorbei,0.086729,"(50, 50, 50)"
223,Rechts vorbei,0.1386282,"(50, 50, 75)"
224,Rechts vorbei,0.10618789,"(50, 50, 100)"
225,Rechts vorbei,0.05456725,"(50, 50, 125)"
226,Rechts vorbei,0.02069898,"(50, 50, 150)"
227,Rechts vorbei,0.00726151,"(50, 50, 175)"
228,Rechts vorbei,0.00249975,"(50, 50, 200)"
229,Rechts vorbei,0.00085623,"(50, 50, 225)"
230,Vorfahrt,0.10220841,"(50, 75, 0)"
231,Vorfahrt,0.08272651,"(50, 75, 25)"
232,Rechts vorbei,0.08250055,"(50, 75, 50)"
233,Rechts vorbei,0.07948963,"(50, 75, 75)"
234,Rechts vorbei,0.06487788,"(50, 75, 100)"
235,Rechts vorbei,0.02635882,"(50, 75, 125)"
236,Rechts vorbei,0.00995237,"(50, 75, 150)"
237,Rechts vorbei,0.00394881,"(50, 75, 175)"
238,Rechts vorbei,0.00155579,"(50, 75, 200)"
239,Rechts vorbei,0.00061161,"(50, 75, 225)"
240,Vorfahrt,0.08156429,"(50, 100, 0)"
241,Vorfahrt gewähren,0.07359724,"(50, 100, 25)"
242,Rechts vorbei,0.05045855,"(50, 100, 50)"
243,Rechts vorbei,0.06305163,"(50, 100, 75)"
244,Rechts vorbei,0.04199977,"(50, 100, 100)"
245,Rechts vorbei,0.01793697,"(50, 100, 125)"
246,Rechts vorbei,0.00720679,"(50, 100, 150)"
247,Rechts vorbei,0.00284964,"(50, 100, 175)"
248,Rechts vorbei,0.00112155,"(50, 100, 200)"
249,Rechts vorbei,0.00044075,"(50, 100, 225)"
250,Vorfahrt gewähren,0.06741959,"(50, 125, 0)"
251,Vorfahrt gewähren,0.05061597,"(50, 125, 25)"
252,Rechts vorbei,0.04500424,"(50, 125, 50)"
253,Rechts vorbei,0.05354518,"(50, 125, 75)"
254,Rechts vorbei,0.03155719,"(50, 125, 100)"
255,Rechts vorbei,0.01307001,"(50, 125, 125)"
256,Rechts vorbei,0.00520983,"(50, 125, 150)"
257,Rechts vorbei,0.00205539,"(50, 125, 175)"
258,Rechts vorbei,0.00080837,"(50, 125, 200)"
259,Rechts vorbei,0.0003176,"(50, 125, 225)"
260,Vorfahrt gewähren,0.06114904,"(50, 150, 0)"
261,Vorfahrt gewähren,0.03457605,"(50, 150, 25)"
262,Rechts vorbei,0.04297609,"(50, 150, 50)"
263,Rechts vorbei,0.04363706,"(50, 150, 75)"
264,Rechts vorbei,0.02334797,"(50, 150, 100)"
265,Rechts vorbei,0.00948603,"(50, 150, 125)"
266,Rechts vorbei,0.00376212,"(50, 150, 150)"
267,Rechts vorbei,0.00148201,"(50, 150, 175)"
268,Rechts vorbei,0.00058258,"(50, 150, 200)"
269,Rechts vorbei,0.00022885,"(50, 150, 225)"
270,Vorfahrt gewähren,0.05475366,"(50, 175, 0)"
271,Rechts vorbei,0.03007001,"(50, 175, 25)"
272,Rechts vorbei,0.03934968,"(50, 175, 50)"
273,Rechts vorbei,0.03472828,"(50, 175, 75)"
274,Rechts vorbei,0.01710807,"(50, 175, 100)"
275,Rechts vorbei,0.00686761,"(50, 175, 125)"
276,Rechts vorbei,0.00271472,"(50, 175, 150)"
277,Rechts vorbei,0.00106833,"(50, 175, 175)"
278,Rechts vorbei,0.00041982,"(50, 175, 200)"
279,Rechts vorbei,0.00016489,"(50, 175, 225)"
280,Vorfahrt gewähren,0.04845068,"(50, 200, 0)"
281,Rechts vorbei,0.02875252,"(50, 200, 25)"
282,Rechts vorbei,0.03428099,"(50, 200, 50)"
283,Rechts vorbei,0.02720563,"(50, 200, 75)"
284,Rechts vorbei,0.01246039,"(50, 200, 100)"
285,Rechts vorbei,0.0049639,"(50, 200, 125)"
286,Rechts vorbei,0.00195797,"(50, 200, 150)"
287,Rechts vorbei,0.00077,"(50, 200, 175)"
288,Rechts vorbei,0.00030251,"(50, 200, 200)"
289,Rechts vorbei,0.00011881,"(50, 200, 225)"
290,Vorfahrt gewähren,0.03749385,"(50, 225, 0)"
291,Rechts vorbei,0.02626844,"(50, 225, 25)"
292,Rechts vorbei,0.02718785,"(50, 225, 50)"
293,Rechts vorbei,0.02109413,"(50, 225, 75)"
294,Rechts vorbei,0.00904092,"(50, 225, 100)"
295,Rechts vorbei,0.00358418,"(50, 225, 125)"
296,Rechts vorbei,0.00141172,"(50, 225, 150)"
297,Rechts vorbei,0.00055492,"(50, 225, 175)"
298,Rechts vorbei,0.00021798,"(50, 225, 200)"
299,Rechts vorbei,8.56e-05,"(50, 225, 225)"
300,Zulässige Höchstgeschwindigkeit (70),0.21751262,"(75, 0, 0)"
301,Zulässige Höchstgeschwindigkeit (70),0.21492951,"(75, 0, 25)"
302,Zulässige Höchstgeschwindigkeit (70),0.20680141,"(75, 0, 50)"
303,Zulässige Höchstgeschwindigkeit (70),0.20693861,"(75, 0, 75)"
304,Zulässige Höchstgeschwindigkeit (70),0.10392509,"(75, 0, 100)"
305,Gefahrenstelle,0.01677459,"(75, 0, 125)"
306,Rechts vorbei,0.00412939,"(75, 0, 150)"
307,Rechts vorbei,0.00166339,"(75, 0, 175)"
308,Rechts vorbei,0.00066147,"(75, 0, 200)"
309,Rechts vorbei,0.00026241,"(75, 0, 225)"
310,Zulässige Höchstgeschwindigkeit (70),0.13423479,"(75, 25, 0)"
311,Zulässige Höchstgeschwindigkeit (70),0.12964652,"(75, 25, 25)"
312,Zulässige Höchstgeschwindigkeit (70),0.119833,"(75, 25, 50)"
313,Zulässige Höchstgeschwindigkeit (70),0.12643951,"(75, 25, 75)"
314,Gefahrenstelle,0.07019802,"(75, 25, 100)"
315,Rechts vorbei,0.04006628,"(75, 25, 125)"
316,Rechts vorbei,0.02455771,"(75, 25, 150)"
317,Rechts vorbei,0.01027003,"(75, 25, 175)"
318,Rechts vorbei,0.00412511,"(75, 25, 200)"
319,Rechts vorbei,0.00164148,"(75, 25, 225)"
320,Vorfahrt,0.14219968,"(75, 50, 0)"
321,Vorfahrt,0.11892124,"(75, 50, 25)"
322,Vorfahrt,0.0994872,"(75, 50, 50)"
323,Vorfahrt gewähren,0.07356608,"(75, 50, 75)"
324,Rechts vorbei,0.10329394,"(75, 50, 100)"
325,Rechts vorbei,0.11746673,"(75, 50, 125)"
326,Rechts vorbei,0.07460929,"(75, 50, 150)"
327,Rechts vorbei,0.02923261,"(75, 50, 175)"
328,Rechts vorbei,0.01035251,"(75, 50, 200)"
329,Rechts vorbei,0.00357378,"(75, 50, 225)"
330,Vorfahrt,0.12859571,"(75, 75, 0)"
331,Vorfahrt,0.09970788,"(75, 75, 25)"
332,Vorfahrt,0.07768231,"(75, 75, 50)"
333,Gefahrenstelle,0.06163474,"(75, 75, 75)"
334,Rechts vorbei,0.07963196,"(75, 75, 100)"
335,Rechts vorbei,0.07439777,"(75, 75, 125)"
336,Rechts vorbei,0.03699059,"(75, 75, 150)"
337,Rechts vorbei,0.01335745,"(75, 75, 175)"
338,Rechts vorbei,0.00463196,"(75, 75, 200)"
339,Rechts vorbei,0.00182488,"(75, 75, 225)"
340,Vorfahrt,0.09591313,"(75, 100, 0)"
341,Vorfahrt,0.07333393,"(75, 100, 25)"
342,Vorfahrt gewähren,0.06773981,"(75, 100, 50)"
343,Rechts vorbei,0.04371619,"(75, 100, 75)"
344,Rechts vorbei,0.05417181,"(75, 100, 100)"
345,Rechts vorbei,0.04255522,"(75, 100, 125)"
346,Rechts vorbei,0.0209631,"(75, 100, 150)"
347,Rechts vorbei,0.00844346,"(75, 100, 175)"
348,Rechts vorbei,0.00334166,"(75, 100, 200)"
349,Rechts vorbei,0.00131564,"(75, 100, 225)"
350,Vorfahrt,0.06230755,"(75, 125, 0)"
351,Vorfahrt gewähren,0.05564543,"(75, 125, 25)"
352,Vorfahrt gewähren,0.04759927,"(75, 125, 50)"
353,Rechts vorbei,0.03776758,"(75, 125, 75)"
354,Rechts vorbei,0.04190319,"(75, 125, 100)"
355,Rechts vorbei,0.03346013,"(75, 125, 125)"
356,Rechts vorbei,0.01529264,"(75, 125, 150)"
357,Rechts vorbei,0.00610642,"(75, 125, 175)"
358,Rechts vorbei,0.00241067,"(75, 125, 200)"
359,Rechts vorbei,0.00094832,"(75, 125, 225)"
360,Zulässige Höchstgeschwindigkeit (50),0.04630533,"(75, 150, 0)"
361,Vorfahrt gewähren,0.04605274,"(75, 150, 25)"
362,Vorfahrt gewähren,0.03850666,"(75, 150, 50)"
363,Rechts vorbei,0.03486581,"(75, 150, 75)"
364,Rechts vorbei,0.0333929,"(75, 150, 100)"
365,Rechts vorbei,0.02601231,"(75, 150, 125)"
366,Rechts vorbei,0.01110829,"(75, 150, 150)"
367,Rechts vorbei,0.00441088,"(75, 150, 175)"
368,Rechts vorbei,0.00173837,"(75, 150, 200)"
369,Rechts vorbei,0.00068347,"(75, 150, 225)"
370,Zulässige Höchstgeschwindigkeit (30),0.03544485,"(75, 175, 0)"
371,Vorfahrt gewähren,0.05563726,"(75, 175, 25)"
372,Vorfahrt gewähren,0.02802183,"(75, 175, 50)"
373,Rechts vorbei,0.03111574,"(75, 175, 75)"
374,Rechts vorbei,0.02616975,"(75, 175, 100)"
375,Rechts vorbei,0.01999848,"(75, 175, 125)"
376,Rechts vorbei,0.00804666,"(75, 175, 150)"
377,Rechts vorbei,0.00318354,"(75, 175, 175)"
378,Rechts vorbei,0.00125323,"(75, 175, 200)"
379,Rechts vorbei,0.00049254,"(75, 175, 225)"
380,Vorfahrt gewähren,0.03838659,"(75, 200, 0)"
381,Vorfahrt gewähren,0.0520688,"(75, 200, 25)"
382,Rechts vorbei,0.02296815,"(75, 200, 50)"
383,Rechts vorbei,0.02605345,"(75, 200, 75)"
384,Rechts vorbei,0.02028905,"(75, 200, 100)"
385,Rechts vorbei,0.0145815,"(75, 200, 125)"
386,Rechts vorbei,0.00581849,"(75, 200, 150)"
387,Rechts vorbei,0.00229645,"(75, 200, 175)"
388,Rechts vorbei,0.00090332,"(75, 200, 200)"
389,Rechts vorbei,0.00035492,"(75, 200, 225)"
390,Vorfahrt gewähren,0.0465871,"(75, 225, 0)"
391,Vorfahrt gewähren,0.03986927,"(75, 225, 25)"
392,Rechts vorbei,0.02056747,"(75, 225, 50)"
393,Rechts vorbei,0.02038387,"(75, 225, 75)"
394,Rechts vorbei,0.01562254,"(75, 225, 100)"
395,Rechts vorbei,0.01058811,"(75, 225, 125)"
396,Rechts vorbei,0.00420239,"(75, 225, 150)"
397,Rechts vorbei,0.00165594,"(75, 225, 175)"
398,Rechts vorbei,0.00065102,"(75, 225, 200)"
399,Rechts vorbei,0.00025574,"(75, 225, 225)"
400,Zulässige Höchstgeschwindigkeit (70),0.14811593,"(100, 0, 0)"
401,Zulässige Höchstgeschwindigkeit (70),0.1559931,"(100, 0, 25)"
402,Zulässige Höchstgeschwindigkeit (70),0.16199395,"(100, 0, 50)"
403,Zulässige Höchstgeschwindigkeit (70),0.16479562,"(100, 0, 75)"
404,Zulässige Höchstgeschwindigkeit (70),0.16673276,"(100, 0, 100)"
405,Zulässige Höchstgeschwindigkeit (70),0.07182948,"(100, 0, 125)"
406,Zulässige Höchstgeschwindigkeit (70),0.00975162,"(100, 0, 150)"
407,Gefahrenstelle,0.00276292,"(100, 0, 175)"
408,Rechts vorbei,0.00099656,"(100, 0, 200)"
409,Rechts vorbei,0.00039587,"(100, 0, 225)"
410,Zulässige Höchstgeschwindigkeit (70),0.13336264,"(100, 25, 0)"
411,Zulässige Höchstgeschwindigkeit (70),0.13649909,"(100, 25, 25)"
412,Zulässige Höchstgeschwindigkeit (70),0.13596755,"(100, 25, 50)"
413,Zulässige Höchstgeschwindigkeit (70),0.12991214,"(100, 25, 75)"
414,Zulässige Höchstgeschwindigkeit (70),0.13164446,"(100, 25, 100)"
415,Gefahrenstelle,0.04750863,"(100, 25, 125)"
416,Gefahrenstelle,0.01837128,"(100, 25, 150)"
417,Rechts vorbei,0.01311332,"(100, 25, 175)"
418,Rechts vorbei,0.00619014,"(100, 25, 200)"
419,Rechts vorbei,0.0024736,"(100, 25, 225)"
420,Vorfahrt,0.10528447,"(100, 50, 0)"
421,Vorfahrt,0.09105652,"(100, 50, 25)"
422,Vorfahrt,0.07494769,"(100, 50, 50)"
423,Vorfahrt gewähren,0.06143254,"(100, 50, 75)"
424,Gefahrenstelle,0.06490122,"(100, 50, 100)"
425,Gefahrenstelle,0.0706793,"(100, 50, 125)"
426,Rechts vorbei,0.08577144,"(100, 50, 150)"
427,Rechts vorbei,0.07543547,"(100, 50, 175)"
428,Rechts vorbei,0.03690314,"(100, 50, 200)"
429,Rechts vorbei,0.014734,"(100, 50, 225)"
430,Vorfahrt,0.15150337,"(100, 75, 0)"
431,Vorfahrt,0.12046187,"(100, 75, 25)"
432,Vorfahrt,0.0907798,"(100, 75, 50)"
433,Zulässige Höchstgeschwindigkeit (50),0.07324625,"(100, 75, 75)"
434,Gefahrenstelle,0.06764395,"(100, 75, 100)"
435,Rechts vorbei,0.07707786,"(100, 75, 125)"
436,Rechts vorbei,0.06887368,"(100, 75, 150)"
437,Rechts vorbei,0.04964546,"(100, 75, 175)"
438,Rechts vorbei,0.01896634,"(100, 75, 200)"
439,Rechts vorbei,0.00661407,"(100, 75, 225)"
440,Vorfahrt,0.10814271,"(100, 100, 0)"
441,Vorfahrt,0.08276224,"(100, 100, 25)"
442,Zulässige Höchstgeschwindigkeit (50),0.06571911,"(100, 100, 50)"
443,Zulässige Höchstgeschwindigkeit (30),0.06049639,"(100, 100, 75)"
444,Gefahrenstelle,0.04831083,"(100, 100, 100)"
445,Rechts vorbei,0.04976967,"(100, 100, 125)"
446,Rechts vorbei,0.03625196,"(100, 100, 150)"
447,Rechts vorbei,0.0244764,"(100, 100, 175)"
448,Rechts vorbei,0.00988935,"(100, 100, 200)"
449,Rechts vorbei,0.00391826,"(100, 100, 225)"
450,Vorfahrt,0.06494863,"(100, 125, 0)"
451,Zulässige Höchstgeschwindigkeit (50),0.05173938,"(100, 125, 25)"
452,Vorfahrt gewähren,0.04388231,"(100, 125, 50)"
453,Vorfahrt gewähren,0.05228208,"(100, 125, 75)"
454,Rechts vorbei,0.03004954,"(100, 125, 100)"
455,Rechts vorbei,0.03189947,"(100, 125, 125)"
456,Rechts vorbei,0.02500384,"(100, 125, 150)"
457,Rechts vorbei,0.01788221,"(100, 125, 175)"
458,Rechts vorbei,0.00715586,"(100, 125, 200)"
459,Rechts vorbei,0.00282714,"(100, 125, 225)"
460,Zulässige Höchstgeschwindigkeit (50),0.03497982,"(100, 150, 0)"
461,Zulässige Höchstgeschwindigkeit (50),0.03121534,"(100, 150, 25)"
462,Vorfahrt gewähren,0.04311408,"(100, 150, 50)"
463,Vorfahrt gewähren,0.04042624,"(100, 150, 75)"
464,Rechts vorbei,0.02728831,"(100, 150, 100)"
465,Rechts vorbei,0.02507519,"(100, 150, 125)"
466,Rechts vorbei,0.01929675,"(100, 150, 150)"
467,Rechts vorbei,0.01300257,"(100, 150, 175)"
468,Rechts vorbei,0.00517082,"(100, 150, 200)"
469,Rechts vorbei,0.00203897,"(100, 150, 225)"
470,Zulässige Höchstgeschwindigkeit (50),0.02500572,"(100, 175, 0)"
471,Vorfahrt gewähren,0.02971218,"(100, 175, 25)"
472,Vorfahrt gewähren,0.04921611,"(100, 175, 50)"
473,Vorfahrt gewähren,0.02909944,"(100, 175, 75)"
474,Rechts vorbei,0.02403222,"(100, 175, 100)"
475,Rechts vorbei,0.0194702,"(100, 175, 125)"
476,Rechts vorbei,0.01481618,"(100, 175, 150)"
477,Rechts vorbei,0.00942547,"(100, 175, 175)"
478,Rechts vorbei,0.00373296,"(100, 175, 200)"
479,Rechts vorbei,0.00147008,"(100, 175, 225)"
480,Zulässige Höchstgeschwindigkeit (30),0.02045651,"(100, 200, 0)"
481,Vorfahrt gewähren,0.03389017,"(100, 200, 25)"
482,Vorfahrt gewähren,0.05324977,"(100, 200, 50)"
483,Vorfahrt gewähren,0.01955979,"(100, 200, 75)"
484,Rechts vorbei,0.01947893,"(100, 200, 100)"
485,Rechts vorbei,0.01500256,"(100, 200, 125)"
486,Rechts vorbei,0.01133806,"(100, 200, 150)"
487,Rechts vorbei,0.00681888,"(100, 200, 175)"
488,Rechts vorbei,0.00269325,"(100, 200, 200)"
489,Rechts vorbei,0.00105969,"(100, 200, 225)"
490,Vorfahrt gewähren,0.02195187,"(100, 225, 0)"
491,Vorfahrt gewähren,0.03834415,"(100, 225, 25)"
492,Vorfahrt gewähren,0.0407894,"(100, 225, 50)"
493,Rechts vorbei,0.01575777,"(100, 225, 75)"
494,Rechts vorbei,0.0151183,"(100, 225, 100)"
495,Rechts vorbei,0.01150442,"(100, 225, 125)"
496,Rechts vorbei,0.00865744,"(100, 225, 150)"
497,Rechts vorbei,0.00492662,"(100, 225, 175)"
498,Rechts vorbei,0.00194232,"(100, 225, 200)"
499,Rechts vorbei,0.00076376,"(100, 225, 225)"
500,Zulässige Höchstgeschwindigkeit (70),0.06976175,"(125, 0, 0)"
501,Zulässige Höchstgeschwindigkeit (70),0.07620876,"(125, 0, 25)"
502,Zulässige Höchstgeschwindigkeit (70),0.08284786,"(125, 0, 50)"
503,Zulässige Höchstgeschwindigkeit (70),0.0894285,"(125, 0, 75)"
504,Zulässige Höchstgeschwindigkeit (70),0.09543315,"(125, 0, 100)"
505,Zulässige Höchstgeschwindigkeit (70),0.09787141,"(125, 0, 125)"
506,Zulässige Höchstgeschwindigkeit (70),0.04515446,"(125, 0, 150)"
507,Zulässige Höchstgeschwindigkeit (70),0.00685901,"(125, 0, 175)"
508,Gefahrenstelle,0.00192707,"(125, 0, 200)"
509,Gefahrenstelle,0.0006102,"(125, 0, 225)"
510,Zulässige Höchstgeschwindigkeit (70),0.07993737,"(125, 25, 0)"
511,Zulässige Höchstgeschwindigkeit (70),0.08613469,"(125, 25, 25)"
512,Zulässige Höchstgeschwindigkeit (70),0.09181565,"(125, 25, 50)"
513,Zulässige Höchstgeschwindigkeit (70),0.09612308,"(125, 25, 75)"
514,Zulässige Höchstgeschwindigkeit (70),0.09742466,"(125, 25, 100)"
515,Zulässige Höchstgeschwindigkeit (70),0.09551956,"(125, 25, 125)"
516,Zulässige Höchstgeschwindigkeit (70),0.0293017,"(125, 25, 150)"
517,Gefahrenstelle,0.01339548,"(125, 25, 175)"
518,Rechts vorbei,0.00499094,"(125, 25, 200)"
519,Rechts vorbei,0.00371867,"(125, 25, 225)"
520,Baustelle,0.06863134,"(125, 50, 0)"
521,Zulässige Höchstgeschwindigkeit (70),0.06832945,"(125, 50, 25)"
522,Zulässige Höchstgeschwindigkeit (70),0.06897154,"(125, 50, 50)"
523,Zulässige Höchstgeschwindigkeit (70),0.06623873,"(125, 50, 75)"
524,Zulässige Höchstgeschwindigkeit (70),0.06309602,"(125, 50, 100)"
525,Zulässige Höchstgeschwindigkeit (70),0.05630177,"(125, 50, 125)"
526,Gefahrenstelle,0.05991158,"(125, 50, 150)"
527,Rechts vorbei,0.03864454,"(125, 50, 175)"
528,Rechts vorbei,0.03133733,"(125, 50, 200)"
529,Rechts vorbei,0.02264358,"(125, 50, 225)"
530,Vorfahrt,0.16652812,"(125, 75, 0)"
531,Vorfahrt,0.13627282,"(125, 75, 25)"
532,Vorfahrt,0.10602096,"(125, 75, 50)"
533,Zulässige Höchstgeschwindigkeit (50),0.07828826,"(125, 75, 75)"
534,Zulässige Höchstgeschwindigkeit (30),0.06941207,"(125, 75, 100)"
535,Vorfahrt gewähren,0.0663993,"(125, 75, 125)"
536,Rechts vorbei,0.07182799,"(125, 75, 150)"
537,Rechts vorbei,0.06288704,"(125, 75, 175)"
538,Rechts vorbei,0.04485368,"(125, 75, 200)"
539,Rechts vorbei,0.02683833,"(125, 75, 225)"
540,Vorfahrt,0.11192034,"(125, 100, 0)"
541,Vorfahrt,0.08857054,"(125, 100, 25)"
542,Zulässige Höchstgeschwindigkeit (50),0.06843978,"(125, 100, 50)"
543,Zulässige Höchstgeschwindigkeit (50),0.05556536,"(125, 100, 75)"
544,Zulässige Höchstgeschwindigkeit (30),0.06293384,"(125, 100, 100)"
545,Gefahrenstelle,0.05533978,"(125, 100, 125)"
546,Rechts vorbei,0.04498965,"(125, 100, 150)"
547,Rechts vorbei,0.03262652,"(125, 100, 175)"
548,Rechts vorbei,0.02201523,"(125, 100, 200)"
549,Rechts vorbei,0.01218934,"(125, 100, 225)"
550,Vorfahrt,0.06150902,"(125, 125, 0)"
551,Zulässige Höchstgeschwindigkeit (50),0.05090346,"(125, 125, 25)"
552,Zulässige Höchstgeschwindigkeit (50),0.04072845,"(125, 125, 50)"
553,Zulässige Höchstgeschwindigkeit (30),0.04167345,"(125, 125, 75)"
554,Vorfahrt gewähren,0.06143184,"(125, 125, 100)"
555,Gefahrenstelle,0.03012395,"(125, 125, 125)"
556,Rechts vorbei,0.02387367,"(125, 125, 150)"
557,Rechts vorbei,0.01851497,"(125, 125, 175)"
558,Rechts vorbei,0.0140286,"(125, 125, 200)"
559,Rechts vorbei,0.0083836,"(125, 125, 225)"
560,Zulässige Höchstgeschwindigkeit (50),0.03090402,"(125, 150, 0)"
561,Fahrradfahrer,0.02656314,"(125, 150, 25)"
562,Fahrradfahrer,0.02500779,"(125, 150, 50)"
563,Vorfahrt gewähren,0.0386765,"(125, 150, 75)"
564,Vorfahrt gewähren,0.04231122,"(125, 150, 100)"
565,Rechts vorbei,0.02091412,"(125, 150, 125)"
566,Rechts vorbei,0.01861928,"(125, 150, 150)"
567,Rechts vorbei,0.01422582,"(125, 150, 175)"
568,Rechts vorbei,0.0107231,"(125, 150, 200)"
569,Rechts vorbei,0.00606062,"(125, 150, 225)"
570,Fahrradfahrer,0.01607236,"(125, 175, 0)"
571,Fahrradfahrer,0.02094359,"(125, 175, 25)"
572,Vorfahrt gewähren,0.02550102,"(125, 175, 50)"
573,Vorfahrt gewähren,0.04382953,"(125, 175, 75)"
574,Vorfahrt gewähren,0.02948853,"(125, 175, 100)"
575,Rechts vorbei,0.0182872,"(125, 175, 125)"
576,Rechts vorbei,0.01437845,"(125, 175, 150)"
577,Rechts vorbei,0.01088961,"(125, 175, 175)"
578,Rechts vorbei,0.00818192,"(125, 175, 200)"
579,Rechts vorbei,0.0043767,"(125, 175, 225)"
580,Fahrradfahrer,0.01748051,"(125, 200, 0)"
581,Fahrradfahrer,0.01721534,"(125, 200, 25)"
582,Vorfahrt gewähren,0.0288841,"(125, 200, 50)"
583,Vorfahrt gewähren,0.04927218,"(125, 200, 75)"
584,Vorfahrt gewähren,0.01970891,"(125, 200, 100)"
585,Rechts vorbei,0.01441869,"(125, 200, 125)"
586,Rechts vorbei,0.01103806,"(125, 200, 150)"
587,Rechts vorbei,0.0083159,"(125, 200, 175)"
588,Rechts vorbei,0.00623534,"(125, 200, 200)"
589,Rechts vorbei,0.00315838,"(125, 200, 225)"
590,Fahrradfahrer,0.01438381,"(125, 225, 0)"
591,Vorfahrt gewähren,0.0180782,"(125, 225, 25)"
592,Vorfahrt gewähren,0.03252856,"(125, 225, 50)"
593,Vorfahrt gewähren,0.04086044,"(125, 225, 75)"
594,Vorfahrt gewähren,0.012671,"(125, 225, 100)"
595,Rechts vorbei,0.01114144,"(125, 225, 125)"
596,Rechts vorbei,0.00844312,"(125, 225, 150)"
597,Rechts vorbei,0.00634052,"(125, 225, 175)"
598,Rechts vorbei,0.00474789,"(125, 225, 200)"
599,Rechts vorbei,0.00227809,"(125, 225, 225)"
600,Zulässige Höchstgeschwindigkeit (70),0.02772559,"(150, 0, 0)"
601,Zulässige Höchstgeschwindigkeit (70),0.03069366,"(150, 0, 25)"
602,Zulässige Höchstgeschwindigkeit (70),0.03393362,"(150, 0, 50)"
603,Zulässige Höchstgeschwindigkeit (70),0.03744325,"(150, 0, 75)"
604,Zulässige Höchstgeschwindigkeit (70),0.04119637,"(150, 0, 100)"
605,Zulässige Höchstgeschwindigkeit (70),0.04510953,"(150, 0, 125)"
606,Zulässige Höchstgeschwindigkeit (70),0.04659453,"(150, 0, 150)"
607,Zulässige Höchstgeschwindigkeit (70),0.02705996,"(150, 0, 175)"
608,Zulässige Höchstgeschwindigkeit (70),0.00548324,"(150, 0, 200)"
609,Gefahrenstelle,0.00133934,"(150, 0, 225)"
610,Zulässige Höchstgeschwindigkeit (70),0.03463811,"(150, 25, 0)"
611,Zulässige Höchstgeschwindigkeit (70),0.03818769,"(150, 25, 25)"
612,Zulässige Höchstgeschwindigkeit (70),0.04197719,"(150, 25, 50)"
613,Zulässige Höchstgeschwindigkeit (70),0.04592585,"(150, 25, 75)"
614,Zulässige Höchstgeschwindigkeit (70),0.04982121,"(150, 25, 100)"
615,Zulässige Höchstgeschwindigkeit (70),0.05282311,"(150, 25, 125)"
616,Zulässige Höchstgeschwindigkeit (70),0.05110515,"(150, 25, 150)"
617,Zulässige Höchstgeschwindigkeit (70),0.02501087,"(150, 25, 175)"
618,Gefahrenstelle,0.00805068,"(150, 25, 200)"
619,Gefahrenstelle,0.00303756,"(150, 25, 225)"
620,Zulässige Höchstgeschwindigkeit (70),0.03908494,"(150, 50, 0)"
621,Zulässige Höchstgeschwindigkeit (70),0.04247092,"(150, 50, 25)"
622,Zulässige Höchstgeschwindigkeit (70),0.04568001,"(150, 50, 50)"
623,Zulässige Höchstgeschwindigkeit (70),0.04822485,"(150, 50, 75)"
624,Zulässige Höchstgeschwindigkeit (70),0.04916548,"(150, 50, 100)"
625,Zulässige Höchstgeschwindigkeit (70),0.04726919,"(150, 50, 125)"
626,Zulässige Höchstgeschwindigkeit (70),0.05764707,"(150, 50, 150)"
627,Gefahrenstelle,0.03752952,"(150, 50, 175)"
628,Gefahrenstelle,0.02072111,"(150, 50, 200)"
629,Rechts vorbei,0.01213099,"(150, 50, 225)"
630,Vorfahrt,0.11056855,"(150, 75, 0)"
631,Vorfahrt,0.10093262,"(150, 75, 25)"
632,Vorfahrt,0.08931602,"(150, 75, 50)"
633,Vorfahrt,0.07472192,"(150, 75, 75)"
634,Zulässige Höchstgeschwindigkeit (50),0.06344756,"(150, 75, 100)"
635,Zulässige Höchstgeschwindigkeit (30),0.07328882,"(150, 75, 125)"
636,Vorfahrt gewähren,0.07810603,"(150, 75, 150)"
637,Gefahrenstelle,0.06878332,"(150, 75, 175)"
638,Rechts vorbei,0.05677154,"(150, 75, 200)"
639,Rechts vorbei,0.04032546,"(150, 75, 225)"
640,Vorfahrt,0.10753019,"(150, 100, 0)"
641,Vorfahrt,0.0867267,"(150, 100, 25)"
642,Zulässige Höchstgeschwindigkeit (50),0.07136504,"(150, 100, 50)"
643,Zulässige Höchstgeschwindigkeit (50),0.05602004,"(150, 100, 75)"
644,Zulässige Höchstgeschwindigkeit (30),0.05254504,"(150, 100, 100)"
645,Vorfahrt gewähren,0.06461034,"(150, 100, 125)"
646,Vorfahrt gewähren,0.05689832,"(150, 100, 150)"
647,Rechts vorbei,0.04015937,"(150, 100, 175)"
648,Rechts vorbei,0.02923436,"(150, 100, 200)"
649,Rechts vorbei,0.01968415,"(150, 100, 225)"
650,Zulässige Höchstgeschwindigkeit (50),0.05508403,"(150, 125, 0)"
651,Zulässige Höchstgeschwindigkeit (50),0.04675537,"(150, 125, 25)"
652,Zulässige Höchstgeschwindigkeit (50),0.03838253,"(150, 125, 50)"
653,Fahrradfahrer,0.04068866,"(150, 125, 75)"
654,Vorfahrt gewähren,0.04182928,"(150, 125, 100)"
655,Vorfahrt gewähren,0.06262103,"(150, 125, 125)"
656,Gefahrenstelle,0.03395465,"(150, 125, 150)"
657,Rechts vorbei,0.02098024,"(150, 125, 175)"
658,Rechts vorbei,0.01423071,"(150, 125, 200)"
659,Rechts vorbei,0.01029772,"(150, 125, 225)"
660,Zulässige Höchstgeschwindigkeit (50),0.02579333,"(150, 150, 0)"
661,Zulässige Höchstgeschwindigkeit (50),0.02166836,"(150, 150, 25)"
662,Fahrradfahrer,0.02814311,"(150, 150, 50)"
663,Fahrradfahrer,0.02492464,"(150, 150, 75)"
664,Vorfahrt gewähren,0.03606477,"(150, 150, 100)"
665,Vorfahrt gewähren,0.04640082,"(150, 150, 125)"
666,Gefahrenstelle,0.01844524,"(150, 150, 150)"
667,Rechts vorbei,0.01373031,"(150, 150, 175)"
668,Rechts vorbei,0.01044864,"(150, 150, 200)"
669,Rechts vorbei,0.00785834,"(150, 150, 225)"
670,Zulässige Höchstgeschwindigkeit (50),0.01082009,"(150, 175, 0)"
671,Fahrradfahrer,0.0144019,"(150, 175, 25)"
672,Fahrradfahrer,0.01743683,"(150, 175, 50)"
673,Vorfahrt gewähren,0.02122522,"(150, 175, 75)"
674,Vorfahrt gewähren,0.03767863,"(150, 175, 100)"
675,Vorfahrt gewähren,0.03072994,"(150, 175, 125)"
676,Rechts vorbei,0.01362556,"(150, 175, 150)"
677,Rechts vorbei,0.01057021,"(150, 175, 175)"
678,Rechts vorbei,0.00798317,"(150, 175, 200)"
679,Rechts vorbei,0.00598894,"(150, 175, 225)"
680,Fahrradfahrer,0.00900749,"(150, 200, 0)"
681,Fahrradfahrer,0.01431883,"(150, 200, 25)"
682,Fahrradfahrer,0.01424966,"(150, 200, 50)"
683,Vorfahrt gewähren,0.02392711,"(150, 200, 75)"
684,Vorfahrt gewähren,0.04223477,"(150, 200, 100)"
685,Vorfahrt gewähren,0.01967403,"(150, 200, 125)"
686,Rechts vorbei,0.01061161,"(150, 200, 150)"
687,Rechts vorbei,0.00809668,"(150, 200, 175)"
688,Rechts vorbei,0.00608831,"(150, 200, 200)"
689,Rechts vorbei,0.00456023,"(150, 200, 225)"
690,Fahrradfahrer,0.00995994,"(150, 225, 0)"
691,Fahrradfahrer,0.01167864,"(150, 225, 25)"
692,Vorfahrt gewähren,0.01457656,"(150, 225, 50)"
693,Vorfahrt gewähren,0.02686495,"(150, 225, 75)"
694,Vorfahrt gewähren,0.0418368,"(150, 225, 100)"
695,Vorfahrt gewähren,0.0126213,"(150, 225, 125)"
696,Rechts vorbei,0.00817848,"(150, 225, 150)"
697,Rechts vorbei,0.00618366,"(150, 225, 175)"
698,Rechts vorbei,0.00463774,"(150, 225, 200)"
699,Rechts vorbei,0.00347024,"(150, 225, 225)"
700,Zulässige Höchstgeschwindigkeit (70),0.01039692,"(175, 0, 0)"
701,Zulässige Höchstgeschwindigkeit (70),0.01155756,"(175, 0, 25)"
702,Zulässige Höchstgeschwindigkeit (70),0.01284292,"(175, 0, 50)"
703,Zulässige Höchstgeschwindigkeit (70),0.01426432,"(175, 0, 75)"
704,Zulässige Höchstgeschwindigkeit (70),0.01583195,"(175, 0, 100)"
705,Zulässige Höchstgeschwindigkeit (70),0.01755291,"(175, 0, 125)"
706,Zulässige Höchstgeschwindigkeit (70),0.019425,"(175, 0, 150)"
707,Zulässige Höchstgeschwindigkeit (70),0.02009904,"(175, 0, 175)"
708,Zulässige Höchstgeschwindigkeit (70),0.02140501,"(175, 0, 200)"
709,Zulässige Höchstgeschwindigkeit (70),0.00436771,"(175, 0, 225)"
710,Zulässige Höchstgeschwindigkeit (70),0.01330329,"(175, 25, 0)"
711,Zulässige Höchstgeschwindigkeit (70),0.01477181,"(175, 25, 25)"
712,Zulässige Höchstgeschwindigkeit (70),0.01639068,"(175, 25, 50)"
713,Zulässige Höchstgeschwindigkeit (70),0.01816744,"(175, 25, 75)"
714,Zulässige Höchstgeschwindigkeit (70),0.02010047,"(175, 25, 100)"
715,Zulässige Höchstgeschwindigkeit (70),0.02215756,"(175, 25, 125)"
716,Zulässige Höchstgeschwindigkeit (70),0.02400739,"(175, 25, 150)"
717,Zulässige Höchstgeschwindigkeit (70),0.02834676,"(175, 25, 175)"
718,Zulässige Höchstgeschwindigkeit (70),0.02075648,"(175, 25, 200)"
719,Gefahrenstelle,0.00429954,"(175, 25, 225)"
720,Zulässige Höchstgeschwindigkeit (70),0.01661042,"(175, 50, 0)"
721,Zulässige Höchstgeschwindigkeit (70),0.01837391,"(175, 50, 25)"
722,Zulässige Höchstgeschwindigkeit (70),0.0202745,"(175, 50, 50)"
723,Zulässige Höchstgeschwindigkeit (70),0.02227531,"(175, 50, 75)"
724,Zulässige Höchstgeschwindigkeit (70),0.02427019,"(175, 50, 100)"
725,Zulässige Höchstgeschwindigkeit (70),0.025961,"(175, 50, 125)"
726,Zulässige Höchstgeschwindigkeit (70),0.02823271,"(175, 50, 150)"
727,Zulässige Höchstgeschwindigkeit (70),0.04492461,"(175, 50, 175)"
728,Gefahrenstelle,0.02176868,"(175, 50, 200)"
729,Gefahrenstelle,0.01232174,"(175, 50, 225)"
730,Vorfahrt,0.03526022,"(175, 75, 0)"
731,Vorfahrt,0.03355868,"(175, 75, 25)"
732,Vorfahrt,0.03156868,"(175, 75, 50)"
733,Vorfahrt gewähren,0.02971852,"(175, 75, 75)"
734,Fahrradfahrer,0.02830096,"(175, 75, 100)"
735,Fahrradfahrer,0.03923929,"(175, 75, 125)"
736,Vorfahrt gewähren,0.04369529,"(175, 75, 150)"
737,Vorfahrt gewähren,0.0676889,"(175, 75, 175)"
738,Gefahrenstelle,0.05372491,"(175, 75, 200)"
739,Rechts vorbei,0.03628665,"(175, 75, 225)"
740,Vorfahrt,0.09707345,"(175, 100, 0)"
741,Zulässige Höchstgeschwindigkeit (50),0.07945816,"(175, 100, 25)"
742,Zulässige Höchstgeschwindigkeit (50),0.0679667,"(175, 100, 50)"
743,Zulässige Höchstgeschwindigkeit (50),0.05593697,"(175, 100, 75)"
744,Fahrradfahrer,0.05715921,"(175, 100, 100)"
745,Zulässige Höchstgeschwindigkeit (30),0.05295875,"(175, 100, 125)"
746,Vorfahrt gewähren,0.06686035,"(175, 100, 150)"
747,Vorfahrt gewähren,0.07001723,"(175, 100, 175)"
748,Gefahrenstelle,0.03893366,"(175, 100, 200)"
749,Rechts vorbei,0.02609461,"(175, 100, 225)"
750,Zulässige Höchstgeschwindigkeit (50),0.04687236,"(175, 125, 0)"
751,Zulässige Höchstgeschwindigkeit (50),0.04016348,"(175, 125, 25)"
752,Zulässige Höchstgeschwindigkeit (50),0.03378015,"(175, 125, 50)"
753,Fahrradfahrer,0.03660475,"(175, 125, 75)"
754,Fahrradfahrer,0.0412821,"(175, 125, 100)"
755,Vorfahrt gewähren,0.0416928,"(175, 125, 125)"
756,Vorfahrt gewähren,0.06310836,"(175, 125, 150)"
757,Vorfahrt gewähren,0.03641798,"(175, 125, 175)"
758,Rechts vorbei,0.01864844,"(175, 125, 200)"
759,Rechts vorbei,0.01268707,"(175, 125, 225)"
760,Zulässige Höchstgeschwindigkeit (50),0.02072334,"(175, 150, 0)"
761,Zulässige Höchstgeschwindigkeit (50),0.0175872,"(175, 150, 25)"
762,Fahrradfahrer,0.01958128,"(175, 150, 50)"
763,Fahrradfahrer,0.02818571,"(175, 150, 75)"
764,Fahrradfahrer,0.02465628,"(175, 150, 100)"
765,Vorfahrt gewähren,0.03510693,"(175, 150, 125)"
766,Vorfahrt gewähren,0.05436574,"(175, 150, 150)"
767,Gefahrenstelle,0.0176181,"(175, 150, 175)"
768,Rechts vorbei,0.01008411,"(175, 150, 200)"
769,Rechts vorbei,0.00765661,"(175, 150, 225)"
770,Zulässige Höchstgeschwindigkeit (50),0.00842762,"(175, 175, 0)"
771,Fahrradfahrer,0.00946095,"(175, 175, 25)"
772,Fahrradfahrer,0.01424321,"(175, 175, 50)"
773,Fahrradfahrer,0.01562636,"(175, 175, 75)"
774,Vorfahrt gewähren,0.01725409,"(175, 175, 100)"
775,Vorfahrt gewähren,0.03145722,"(175, 175, 125)"
776,Vorfahrt gewähren,0.0337505,"(175, 175, 150)"
777,Gefahrenstelle,0.01185656,"(175, 175, 175)"
778,Rechts vorbei,0.00774881,"(175, 175, 200)"
779,Rechts vorbei,0.00584303,"(175, 175, 225)"
780,Fahrradfahrer,0.00435831,"(175, 200, 0)"
781,Fahrradfahrer,0.00737811,"(175, 200, 25)"
782,Fahrradfahrer,0.01152763,"(175, 200, 50)"
783,Fahrradfahrer,0.01159704,"(175, 200, 75)"
784,Vorfahrt gewähren,0.01939036,"(175, 200, 100)"
785,Vorfahrt gewähren,0.03520039,"(175, 200, 125)"
786,Vorfahrt gewähren,0.02057534,"(175, 200, 150)"
787,Rechts vorbei,0.0077838,"(175, 200, 175)"
788,Rechts vorbei,0.0059278,"(175, 200, 200)"
789,Rechts vorbei,0.00445241,"(175, 200, 225)"
790,Fahrradfahrer,0.00470994,"(175, 225, 0)"
791,Fahrradfahrer,0.00800871,"(175, 225, 25)"
792,Fahrradfahrer,0.00937236,"(175, 225, 50)"
793,Vorfahrt gewähren,0.01157291,"(175, 225, 75)"
794,Vorfahrt gewähren,0.02173032,"(175, 225, 100)"
795,Vorfahrt gewähren,0.03925414,"(175, 225, 125)"
796,Vorfahrt gewähren,0.0125248,"(175, 225, 150)"
797,Rechts vorbei,0.00599017,"(175, 225, 175)"
798,Rechts vorbei,0.00452299,"(175, 225, 200)"
799,Rechts vorbei,0.00338954,"(175, 225, 225)"
800,Zulässige Höchstgeschwindigkeit (70),0.00382783,"(200, 0, 0)"
801,Zulässige Höchstgeschwindigkeit (70),0.00426045,"(200, 0, 25)"
802,Zulässige Höchstgeschwindigkeit (70),0.0047415,"(200, 0, 50)"
803,Zulässige Höchstgeschwindigkeit (70),0.0052762,"(200, 0, 75)"
804,Zulässige Höchstgeschwindigkeit (70),0.00587017,"(200, 0, 100)"
805,Zulässige Höchstgeschwindigkeit (70),0.00652933,"(200, 0, 125)"
806,Zulässige Höchstgeschwindigkeit (70),0.00725967,"(200, 0, 150)"
807,Zulässige Höchstgeschwindigkeit (70),0.00806621,"(200, 0, 175)"
808,Zulässige Höchstgeschwindigkeit (70),0.00906109,"(200, 0, 200)"
809,Zulässige Höchstgeschwindigkeit (70),0.01535297,"(200, 0, 225)"
810,Zulässige Höchstgeschwindigkeit (70),0.00492885,"(200, 25, 0)"
811,Zulässige Höchstgeschwindigkeit (70),0.00548426,"(200, 25, 25)"
812,Zulässige Höchstgeschwindigkeit (70),0.00610114,"(200, 25, 50)"
813,Zulässige Höchstgeschwindigkeit (70),0.00678575,"(200, 25, 75)"
814,Zulässige Höchstgeschwindigkeit (70),0.00754427,"(200, 25, 100)"
815,Zulässige Höchstgeschwindigkeit (70),0.00838155,"(200, 25, 125)"
816,Zulässige Höchstgeschwindigkeit (70),0.00929872,"(200, 25, 150)"
817,Zulässige Höchstgeschwindigkeit (70),0.01014506,"(200, 25, 175)"
818,Zulässige Höchstgeschwindigkeit (70),0.01687227,"(200, 25, 200)"
819,Zulässige Höchstgeschwindigkeit (70),0.01697767,"(200, 25, 225)"
820,Zulässige Höchstgeschwindigkeit (70),0.0063112,"(200, 50, 0)"
821,Zulässige Höchstgeschwindigkeit (70),0.00701594,"(200, 50, 25)"
822,Zulässige Höchstgeschwindigkeit (70),0.00779511,"(200, 50, 50)"
823,Zulässige Höchstgeschwindigkeit (70),0.00865333,"(200, 50, 75)"
824,Zulässige Höchstgeschwindigkeit (70),0.00959038,"(200, 50, 100)"
825,Zulässige Höchstgeschwindigkeit (70),0.01059314,"(200, 50, 125)"
826,Zulässige Höchstgeschwindigkeit (70),0.01159265,"(200, 50, 150)"
827,Zulässige Höchstgeschwindigkeit (70),0.01798524,"(200, 50, 175)"
828,Zulässige Höchstgeschwindigkeit (70),0.0296845,"(200, 50, 200)"
829,Zulässige Höchstgeschwindigkeit (70),0.01627765,"(200, 50, 225)"
830,Baustelle,0.00947514,"(200, 75, 0)"
831,Baustelle,0.00922982,"(200, 75, 25)"
832,Zulässige Höchstgeschwindigkeit (70),0.00952257,"(200, 75, 50)"
833,Zulässige Höchstgeschwindigkeit (70),0.01045696,"(200, 75, 75)"
834,Zulässige Höchstgeschwindigkeit (70),0.01135959,"(200, 75, 100)"
835,Fahrradfahrer,0.01367593,"(200, 75, 125)"
836,Fahrradfahrer,0.0196217,"(200, 75, 150)"
837,Zulässige Höchstgeschwindigkeit (70),0.02596682,"(200, 75, 175)"
838,Vorfahrt gewähren,0.04148273,"(200, 75, 200)"
839,Gefahrenstelle,0.03291382,"(200, 75, 225)"
840,Vorfahrt,0.076355,"(200, 100, 0)"
841,Zulässige Höchstgeschwindigkeit (50),0.06996495,"(200, 100, 25)"
842,Zulässige Höchstgeschwindigkeit (50),0.06040529,"(200, 100, 50)"
843,Zulässige Höchstgeschwindigkeit (50),0.05098226,"(200, 100, 75)"
844,Fahrradfahrer,0.04617787,"(200, 100, 100)"
845,Fahrradfahrer,0.06056962,"(200, 100, 125)"
846,Fahrradfahrer,0.05319252,"(200, 100, 150)"
847,Vorfahrt gewähren,0.06840121,"(200, 100, 175)"
848,Vorfahrt gewähren,0.08382622,"(200, 100, 200)"
849,Gefahrenstelle,0.03805773,"(200, 100, 225)"
850,Zulässige Höchstgeschwindigkeit (50),0.03839561,"(200, 125, 0)"
851,Zulässige Höchstgeschwindigkeit (50),0.03299925,"(200, 125, 25)"
852,Zulässige Höchstgeschwindigkeit (50),0.02806132,"(200, 125, 50)"
853,Fahrradfahrer,0.02614781,"(200, 125, 75)"
854,Fahrradfahrer,0.03765176,"(200, 125, 100)"
855,Fahrradfahrer,0.04148114,"(200, 125, 125)"
856,Vorfahrt gewähren,0.04115618,"(200, 125, 150)"
857,Vorfahrt gewähren,0.06297068,"(200, 125, 175)"
858,Vorfahrt gewähren,0.04666211,"(200, 125, 200)"
859,Gefahrenstelle,0.01889767,"(200, 125, 225)"
860,Zulässige Höchstgeschwindigkeit (50),0.01626991,"(200, 150, 0)"
861,Zulässige Höchstgeschwindigkeit (50),0.01386533,"(200, 150, 25)"
862,Fahrradfahrer,0.01304234,"(200, 150, 50)"
863,Fahrradfahrer,0.01972859,"(200, 150, 75)"
864,Fahrradfahrer,0.02783311,"(200, 150, 100)"
865,Fahrradfahrer,0.02423844,"(200, 150, 125)"
866,Vorfahrt gewähren,0.03393618,"(200, 150, 150)"
867,Vorfahrt gewähren,0.05315798,"(200, 150, 175)"
868,Vorfahrt gewähren,0.01946194,"(200, 150, 200)"
869,Gefahrenstelle,0.00823139,"(200, 150, 225)"
870,Zulässige Höchstgeschwindigkeit (50),0.00647987,"(200, 175, 0)"
871,Fahrradfahrer,0.0061002,"(200, 175, 25)"
872,Fahrradfahrer,0.00940777,"(200, 175, 50)"
873,Fahrradfahrer,0.01385291,"(200, 175, 75)"
874,Fahrradfahrer,0.01510215,"(200, 175, 100)"
875,Vorfahrt gewähren,0.01589655,"(200, 175, 125)"
876,Vorfahrt gewähren,0.02623574,"(200, 175, 150)"
877,Vorfahrt gewähren,0.03684867,"(200, 175, 175)"
878,Gefahrenstelle,0.01058302,"(200, 175, 200)"
879,Rechts vorbei,0.00567109,"(200, 175, 225)"
880,Fahrradfahrer,0.00277158,"(200, 200, 0)"
881,Fahrradfahrer,0.0042984,"(200, 200, 25)"
882,Fahrradfahrer,0.00647131,"(200, 200, 50)"
883,Fahrradfahrer,0.00919501,"(200, 200, 75)"
884,Fahrradfahrer,0.00932509,"(200, 200, 100)"
885,Vorfahrt gewähren,0.01545818,"(200, 200, 125)"
886,Vorfahrt gewähren,0.0286901,"(200, 200, 150)"
887,Vorfahrt gewähren,0.02261015,"(200, 200, 175)"
888,Gefahrenstelle,0.00723192,"(200, 200, 200)"
889,Rechts vorbei,0.00433479,"(200, 200, 225)"
890,Fahrradfahrer,0.00215237,"(200, 225, 0)"
891,Fahrradfahrer,0.00375103,"(200, 225, 25)"
892,Fahrradfahrer,0.00640501,"(200, 225, 50)"
893,Fahrradfahrer,0.00746106,"(200, 225, 75)"
894,Vorfahrt gewähren,0.00908695,"(200, 225, 100)"
895,Vorfahrt gewähren,0.01730459,"(200, 225, 125)"
896,Vorfahrt gewähren,0.0319958,"(200, 225, 150)"
897,Vorfahrt gewähren,0.01318557,"(200, 225, 175)"
898,Rechts vorbei,0.00438121,"(200, 225, 200)"
899,Rechts vorbei,0.00330554,"(200, 225, 225)"
900,Zulässige Höchstgeschwindigkeit (70),0.00140101,"(225, 0, 0)"
901,Zulässige Höchstgeschwindigkeit (70),0.00155998,"(225, 0, 25)"
902,Zulässige Höchstgeschwindigkeit (70),0.00173694,"(225, 0, 50)"
903,Zulässige Höchstgeschwindigkeit (70),0.00193389,"(225, 0, 75)"
904,Zulässige Höchstgeschwindigkeit (70),0.00215309,"(225, 0, 100)"
905,Zulässige Höchstgeschwindigkeit (70),0.00239697,"(225, 0, 125)"
906,Zulässige Höchstgeschwindigkeit (70),0.00266823,"(225, 0, 150)"
907,Zulässige Höchstgeschwindigkeit (70),0.00296978,"(225, 0, 175)"
908,Zulässige Höchstgeschwindigkeit (70),0.00330457,"(225, 0, 200)"
909,Zulässige Höchstgeschwindigkeit (70),0.00521424,"(225, 0, 225)"
910,Zulässige Höchstgeschwindigkeit (70),0.0018071,"(225, 25, 0)"
911,Zulässige Höchstgeschwindigkeit (70),0.00201197,"(225, 25, 25)"
912,Zulässige Höchstgeschwindigkeit (70),0.00223997,"(225, 25, 50)"
913,Zulässige Höchstgeschwindigkeit (70),0.00249364,"(225, 25, 75)"
914,Zulässige Höchstgeschwindigkeit (70),0.00277578,"(225, 25, 100)"
915,Zulässige Höchstgeschwindigkeit (70),0.00308941,"(225, 25, 125)"
916,Zulässige Höchstgeschwindigkeit (70),0.00343754,"(225, 25, 150)"
917,Zulässige Höchstgeschwindigkeit (70),0.00382288,"(225, 25, 175)"
918,Zulässige Höchstgeschwindigkeit (70),0.00577944,"(225, 25, 200)"
919,Zulässige Höchstgeschwindigkeit (70),0.00981764,"(225, 25, 225)"
920,Zulässige Höchstgeschwindigkeit (70),0.00232792,"(225, 50, 0)"
921,Zulässige Höchstgeschwindigkeit (70),0.00259121,"(225, 50, 25)"
922,Zulässige Höchstgeschwindigkeit (70),0.00288398,"(225, 50, 50)"
923,Zulässige Höchstgeschwindigkeit (70),0.00320921,"(225, 50, 75)"
924,Zulässige Höchstgeschwindigkeit (70),0.00357001,"(225, 50, 100)"
925,Zulässige Höchstgeschwindigkeit (70),0.00396902,"(225, 50, 125)"
926,Zulässige Höchstgeschwindigkeit (70),0.00440593,"(225, 50, 150)"
927,Zulässige Höchstgeschwindigkeit (70),0.00610448,"(225, 50, 175)"
928,Zulässige Höchstgeschwindigkeit (70),0.01074632,"(225, 50, 200)"
929,Zulässige Höchstgeschwindigkeit (70),0.01805836,"(225, 50, 225)"
930,Zulässige Höchstgeschwindigkeit (70),0.00297566,"(225, 75, 0)"
931,Zulässige Höchstgeschwindigkeit (70),0.00330907,"(225, 75, 25)"
932,Zulässige Höchstgeschwindigkeit (70),0.00367774,"(225, 75, 50)"
933,Zulässige Höchstgeschwindigkeit (70),0.00408348,"(225, 75, 75)"
934,Zulässige Höchstgeschwindigkeit (70),0.00452493,"(225, 75, 100)"
935,Zulässige Höchstgeschwindigkeit (70),0.00498962,"(225, 75, 125)"
936,Zulässige Höchstgeschwindigkeit (70),0.00616091,"(225, 75, 150)"
937,Zulässige Höchstgeschwindigkeit (70),0.01114861,"(225, 75, 175)"
938,Zulässige Höchstgeschwindigkeit (70),0.01829485,"(225, 75, 200)"
939,Zulässige Höchstgeschwindigkeit (70),0.02913439,"(225, 75, 225)"
940,Vorfahrt,0.01789215,"(225, 100, 0)"
941,Vorfahrt,0.01730055,"(225, 100, 25)"
942,Zulässige Höchstgeschwindigkeit (50),0.0175884,"(225, 100, 50)"
943,Zulässige Höchstgeschwindigkeit (50),0.01835583,"(225, 100, 75)"
944,Fahrradfahrer,0.02110669,"(225, 100, 100)"
945,Fahrradfahrer,0.0358411,"(225, 100, 125)"
946,Fahrradfahrer,0.05314968,"(225, 100, 150)"
947,Fahrradfahrer,0.05230515,"(225, 100, 175)"
948,Vorfahrt gewähren,0.06924658,"(225, 100, 200)"
949,Vorfahrt gewähren,0.09713193,"(225, 100, 225)"
950,Zulässige Höchstgeschwindigkeit (50),0.03064887,"(225, 125, 0)"
951,Zulässige Höchstgeschwindigkeit (50),0.02634226,"(225, 125, 25)"
952,Zulässige Höchstgeschwindigkeit (50),0.02249822,"(225, 125, 50)"
953,Zulässige Höchstgeschwindigkeit (50),0.0190248,"(225, 125, 75)"
954,Fahrradfahrer,0.02684362,"(225, 125, 100)"
955,Fahrradfahrer,0.03746151,"(225, 125, 125)"
956,Fahrradfahrer,0.04133891,"(225, 125, 150)"
957,Vorfahrt gewähren,0.04028682,"(225, 125, 175)"
958,Vorfahrt gewähren,0.06228143,"(225, 125, 200)"
959,Vorfahrt gewähren,0.05887037,"(225, 125, 225)"
960,Zulässige Höchstgeschwindigkeit (50),0.01259475,"(225, 150, 0)"
961,Zulässige Höchstgeschwindigkeit (50),0.01074881,"(225, 150, 25)"
962,Zulässige Höchstgeschwindigkeit (50),0.00913652,"(225, 150, 50)"
963,Fahrradfahrer,0.01306454,"(225, 150, 75)"
964,Fahrradfahrer,0.01924862,"(225, 150, 100)"
965,Fahrradfahrer,0.02711941,"(225, 150, 125)"
966,Fahrradfahrer,0.0237036,"(225, 150, 150)"
967,Vorfahrt gewähren,0.03261089,"(225, 150, 175)"
968,Vorfahrt gewähren,0.05161412,"(225, 150, 200)"
969,Vorfahrt gewähren,0.02550792,"(225, 150, 225)"
970,Zulässige Höchstgeschwindigkeit (50),0.00494595,"(225, 175, 0)"
971,Zulässige Höchstgeschwindigkeit (50),0.0042113,"(225, 175, 25)"
972,Fahrradfahrer,0.00603679,"(225, 175, 50)"
973,Fahrradfahrer,0.00912953,"(225, 175, 75)"
974,Fahrradfahrer,0.01344791,"(225, 175, 100)"
975,Fahrradfahrer,0.01455659,"(225, 175, 125)"
976,Vorfahrt gewähren,0.01500598,"(225, 175, 150)"
977,Vorfahrt gewähren,0.02490348,"(225, 175, 175)"
978,Vorfahrt gewähren,0.04029336,"(225, 175, 200)"
979,Vorfahrt gewähren,0.0094047,"(225, 175, 225)"
980,Zulässige Höchstgeschwindigkeit (50),0.00190611,"(225, 200, 0)"
981,Fahrradfahrer,0.00272755,"(225, 200, 25)"
982,Fahrradfahrer,0.00418041,"(225, 200, 50)"
983,Fahrradfahrer,0.00624671,"(225, 200, 75)"
984,Fahrradfahrer,0.00846398,"(225, 200, 100)"
985,Fahrradfahrer,0.00756657,"(225, 200, 125)"
986,Vorfahrt gewähren,0.01217685,"(225, 200, 150)"
987,Vorfahrt gewähren,0.02298554,"(225, 200, 175)"
988,Vorfahrt gewähren,0.02476856,"(225, 200, 200)"
989,Gefahrenstelle,0.00629462,"(225, 200, 225)"
990,Fahrradfahrer,0.00122083,"(225, 225, 0)"
991,Fahrradfahrer,0.00188679,"(225, 225, 25)"
992,Fahrradfahrer,0.00297729,"(225, 225, 50)"
993,Fahrradfahrer,0.00510359,"(225, 225, 75)"
994,Fahrradfahrer,0.0059066,"(225, 225, 100)"
995,Vorfahrt gewähren,0.00707917,"(225, 225, 125)"
996,Vorfahrt gewähren,0.01362283,"(225, 225, 150)"
997,Vorfahrt gewähren,0.02564147,"(225, 225, 175)"
998,Vorfahrt gewähren,0.01448876,"(225, 225, 200)"
999,Gefahrenstelle,0.00435611,"(225, 225, 225)"
