,class,confidence,background,foreground
0,Stoppschild,0.39085525,"(255, 255, 255)","(0, 0, 0)"
1,Ausschließlich geradeaus,0.34808457,"(255, 255, 227)","(0, 0, 28)"
2,Ausschließlich geradeaus,0.61823148,"(255, 255, 199)","(0, 0, 56)"
3,Ausschließlich geradeaus,0.70931005,"(255, 255, 171)","(0, 0, 84)"
4,Ausschließlich geradeaus,0.74761212,"(255, 255, 143)","(0, 0, 112)"
5,Ausschließlich geradeaus,0.72664726,"(255, 255, 115)","(0, 0, 140)"
6,Ausschließlich geradeaus,0.62591481,"(255, 255, 87)","(0, 0, 168)"
7,Ausschließlich geradeaus,0.49297142,"(255, 255, 59)","(0, 0, 196)"
8,Kreisverkehr,0.53719074,"(255, 255, 31)","(0, 0, 224)"
9,Kreisverkehr,0.68820018,"(255, 255, 3)","(0, 0, 252)"
10,Ende der Geschwindigkeitsbegrenzung (80),0.51213348,"(255, 227, 255)","(0, 28, 0)"
11,Ausschließlich geradeaus,0.49349025,"(255, 227, 227)","(0, 28, 28)"
12,Ausschließlich geradeaus,0.66964203,"(255, 227, 199)","(0, 28, 56)"
13,Ausschließlich geradeaus,0.72713995,"(255, 227, 171)","(0, 28, 84)"
14,Ausschließlich geradeaus,0.74023819,"(255, 227, 143)","(0, 28, 112)"
15,Ausschließlich geradeaus,0.67182118,"(255, 227, 115)","(0, 28, 140)"
16,Ausschließlich geradeaus,0.54069763,"(255, 227, 87)","(0, 28, 168)"
17,Kreisverkehr,0.4950099,"(255, 227, 59)","(0, 28, 196)"
18,Kreisverkehr,0.64236224,"(255, 227, 31)","(0, 28, 224)"
19,Kreisverkehr,0.75190645,"(255, 227, 3)","(0, 28, 252)"
20,Ende der Geschwindigkeitsbegrenzung (80),0.27265784,"(255, 199, 255)","(0, 56, 0)"
21,Ausschließlich geradeaus,0.57643867,"(255, 199, 227)","(0, 56, 28)"
22,Ausschließlich geradeaus,0.67561787,"(255, 199, 199)","(0, 56, 56)"
23,Ausschließlich geradeaus,0.71926135,"(255, 199, 171)","(0, 56, 84)"
24,Ausschließlich geradeaus,0.69035691,"(255, 199, 143)","(0, 56, 112)"
25,Ausschließlich geradeaus,0.57312775,"(255, 199, 115)","(0, 56, 140)"
26,Kreisverkehr,0.44759792,"(255, 199, 87)","(0, 56, 168)"
27,Kreisverkehr,0.58778059,"(255, 199, 59)","(0, 56, 196)"
28,Kreisverkehr,0.71048439,"(255, 199, 31)","(0, 56, 224)"
29,Kreisverkehr,0.79611939,"(255, 199, 3)","(0, 56, 252)"
30,Ausschließlich geradeaus,0.38798675,"(255, 171, 255)","(0, 84, 0)"
31,Ausschließlich geradeaus,0.59654933,"(255, 171, 227)","(0, 84, 28)"
32,Ausschließlich geradeaus,0.66298115,"(255, 171, 199)","(0, 84, 56)"
33,Ausschließlich geradeaus,0.68032908,"(255, 171, 171)","(0, 84, 84)"
34,Ausschließlich geradeaus,0.59922391,"(255, 171, 143)","(0, 84, 112)"
35,Ausschließlich geradeaus,0.46681824,"(255, 171, 115)","(0, 84, 140)"
36,Kreisverkehr,0.54056346,"(255, 171, 87)","(0, 84, 168)"
37,Kreisverkehr,0.66635168,"(255, 171, 59)","(0, 84, 196)"
38,Kreisverkehr,0.75181776,"(255, 171, 31)","(0, 84, 224)"
39,Kreisverkehr,0.83306229,"(255, 171, 3)","(0, 84, 252)"
40,Ausschließlich geradeaus,0.44265801,"(255, 143, 255)","(0, 112, 0)"
41,Ausschließlich geradeaus,0.58089674,"(255, 143, 227)","(0, 112, 28)"
42,Ausschließlich geradeaus,0.64313757,"(255, 143, 199)","(0, 112, 56)"
43,Ausschließlich geradeaus,0.61135364,"(255, 143, 171)","(0, 112, 84)"
44,Ausschließlich geradeaus,0.4963738,"(255, 143, 143)","(0, 112, 112)"
45,Kreisverkehr,0.49244872,"(255, 143, 115)","(0, 112, 140)"
46,Kreisverkehr,0.61502653,"(255, 143, 87)","(0, 112, 168)"
47,Kreisverkehr,0.70609552,"(255, 143, 59)","(0, 112, 196)"
48,Kreisverkehr,0.79821527,"(255, 143, 31)","(0, 112, 224)"
49,Kreisverkehr,0.88527238,"(255, 143, 3)","(0, 112, 252)"
50,Ausschließlich geradeaus,0.4561047,"(255, 115, 255)","(0, 140, 0)"
51,Ausschließlich geradeaus,0.57761055,"(255, 115, 227)","(0, 140, 28)"
52,Ausschließlich geradeaus,0.59866291,"(255, 115, 199)","(0, 140, 56)"
53,Ausschließlich geradeaus,0.51469213,"(255, 115, 171)","(0, 140, 84)"
54,Kreisverkehr,0.44060537,"(255, 115, 143)","(0, 140, 112)"
55,Kreisverkehr,0.55663085,"(255, 115, 115)","(0, 140, 140)"
56,Kreisverkehr,0.65317333,"(255, 115, 87)","(0, 140, 168)"
57,Kreisverkehr,0.73492581,"(255, 115, 59)","(0, 140, 196)"
58,Kreisverkehr,0.8391968,"(255, 115, 31)","(0, 140, 224)"
59,Kreisverkehr,0.89627367,"(255, 115, 3)","(0, 140, 252)"
60,Ausschließlich geradeaus,0.40366116,"(255, 87, 255)","(0, 168, 0)"
61,Ausschließlich geradeaus,0.499704,"(255, 87, 227)","(0, 168, 28)"
62,Ausschließlich geradeaus,0.49444807,"(255, 87, 199)","(0, 168, 56)"
63,Ausschließlich geradeaus,0.42086387,"(255, 87, 171)","(0, 168, 84)"
64,Ausschließlich geradeaus,0.31690222,"(255, 87, 143)","(0, 168, 112)"
65,Kreisverkehr,0.37062943,"(255, 87, 115)","(0, 168, 140)"
66,Kreisverkehr,0.43135467,"(255, 87, 87)","(0, 168, 168)"
67,Kreisverkehr,0.5720607,"(255, 87, 59)","(0, 168, 196)"
68,Kreisverkehr,0.69103003,"(255, 87, 31)","(0, 168, 224)"
69,Kreisverkehr,0.8336966,"(255, 87, 3)","(0, 168, 252)"
70,Ausschließlich geradeaus,0.29302904,"(255, 59, 255)","(0, 196, 0)"
71,Ausschließlich geradeaus,0.34756696,"(255, 59, 227)","(0, 196, 28)"
72,Ausschließlich rechts,0.38734809,"(255, 59, 199)","(0, 196, 56)"
73,Ausschließlich rechts,0.42301935,"(255, 59, 171)","(0, 196, 84)"
74,Ausschließlich rechts,0.45207793,"(255, 59, 143)","(0, 196, 112)"
75,Ausschließlich rechts,0.4418374,"(255, 59, 115)","(0, 196, 140)"
76,Ausschließlich rechts,0.48438138,"(255, 59, 87)","(0, 196, 168)"
77,Ausschließlich rechts,0.48988503,"(255, 59, 59)","(0, 196, 196)"
78,Kreisverkehr,0.54747838,"(255, 59, 31)","(0, 196, 224)"
79,Kreisverkehr,0.73249781,"(255, 59, 3)","(0, 196, 252)"
80,Ausschließlich rechts,0.23733321,"(255, 31, 255)","(0, 224, 0)"
81,Ausschließlich rechts,0.40980831,"(255, 31, 227)","(0, 224, 28)"
82,Ausschließlich rechts,0.446614,"(255, 31, 199)","(0, 224, 56)"
83,Ausschließlich rechts,0.42862859,"(255, 31, 171)","(0, 224, 84)"
84,Ausschließlich rechts,0.4063977,"(255, 31, 143)","(0, 224, 112)"
85,Ausschließlich rechts,0.49730751,"(255, 31, 115)","(0, 224, 140)"
86,Ausschließlich rechts,0.65077442,"(255, 31, 87)","(0, 224, 168)"
87,Ausschließlich rechts,0.6431191,"(255, 31, 59)","(0, 224, 196)"
88,Ausschließlich rechts,0.51569289,"(255, 31, 31)","(0, 224, 224)"
89,Kreisverkehr,0.58317471,"(255, 31, 3)","(0, 224, 252)"
90,Ausschließlich rechts,0.26188222,"(255, 3, 255)","(0, 252, 0)"
91,Ausschließlich rechts,0.27838957,"(255, 3, 227)","(0, 252, 28)"
92,Ausschließlich rechts,0.22367753,"(255, 3, 199)","(0, 252, 56)"
93,Ausschließlich rechts,0.21121329,"(255, 3, 171)","(0, 252, 84)"
94,Ausschließlich rechts,0.28869718,"(255, 3, 143)","(0, 252, 112)"
95,Ausschließlich rechts,0.5509035,"(255, 3, 115)","(0, 252, 140)"
96,Ausschließlich rechts,0.74850047,"(255, 3, 87)","(0, 252, 168)"
97,Ausschließlich rechts,0.75575155,"(255, 3, 59)","(0, 252, 196)"
98,Ausschließlich rechts,0.65731502,"(255, 3, 31)","(0, 252, 224)"
99,Ausschließlich rechts,0.50521356,"(255, 3, 3)","(0, 252, 252)"
100,Stoppschild,0.64853603,"(227, 255, 255)","(28, 0, 0)"
101,Stoppschild,0.55487299,"(227, 255, 227)","(28, 0, 28)"
102,Ausschließlich geradeaus,0.26417816,"(227, 255, 199)","(28, 0, 56)"
103,Ausschließlich geradeaus,0.51129979,"(227, 255, 171)","(28, 0, 84)"
104,Ausschließlich geradeaus,0.59779239,"(227, 255, 143)","(28, 0, 112)"
105,Ausschließlich geradeaus,0.64053684,"(227, 255, 115)","(28, 0, 140)"
106,Ausschließlich geradeaus,0.57983732,"(227, 255, 87)","(28, 0, 168)"
107,Ausschließlich geradeaus,0.43271533,"(227, 255, 59)","(28, 0, 196)"
108,Kreisverkehr,0.55541098,"(227, 255, 31)","(28, 0, 224)"
109,Kreisverkehr,0.69590735,"(227, 255, 3)","(28, 0, 252)"
110,Stoppschild,0.62151259,"(227, 227, 255)","(28, 28, 0)"
111,Ende der Geschwindigkeitsbegrenzung (80),0.34287074,"(227, 227, 227)","(28, 28, 28)"
112,Ausschließlich geradeaus,0.39104843,"(227, 227, 199)","(28, 28, 56)"
113,Ausschließlich geradeaus,0.56790394,"(227, 227, 171)","(28, 28, 84)"
114,Ausschließlich geradeaus,0.6313895,"(227, 227, 143)","(28, 28, 112)"
115,Ausschließlich geradeaus,0.63154095,"(227, 227, 115)","(28, 28, 140)"
116,Ausschließlich geradeaus,0.49946496,"(227, 227, 87)","(28, 28, 168)"
117,Kreisverkehr,0.51247984,"(227, 227, 59)","(28, 28, 196)"
118,Kreisverkehr,0.65263349,"(227, 227, 31)","(28, 28, 224)"
119,Kreisverkehr,0.76003349,"(227, 227, 3)","(28, 28, 252)"
120,Stoppschild,0.47212961,"(227, 199, 255)","(28, 56, 0)"
121,Ende der Geschwindigkeitsbegrenzung (80),0.1957113,"(227, 199, 227)","(28, 56, 28)"
122,Ausschließlich geradeaus,0.46876648,"(227, 199, 199)","(28, 56, 56)"
123,Ausschließlich geradeaus,0.5709464,"(227, 199, 171)","(28, 56, 84)"
124,Ausschließlich geradeaus,0.62288541,"(227, 199, 143)","(28, 56, 112)"
125,Ausschließlich geradeaus,0.54654932,"(227, 199, 115)","(28, 56, 140)"
126,Kreisverkehr,0.45713574,"(227, 199, 87)","(28, 56, 168)"
127,Kreisverkehr,0.59604597,"(227, 199, 59)","(28, 56, 196)"
128,Kreisverkehr,0.71903354,"(227, 199, 31)","(28, 56, 224)"
129,Kreisverkehr,0.80387729,"(227, 199, 3)","(28, 56, 252)"
130,Stoppschild,0.24324547,"(227, 171, 255)","(28, 84, 0)"
131,Ausschließlich geradeaus,0.275893,"(227, 171, 227)","(28, 84, 28)"
132,Ausschließlich geradeaus,0.49550387,"(227, 171, 199)","(28, 84, 56)"
133,Ausschließlich geradeaus,0.57974368,"(227, 171, 171)","(28, 84, 84)"
134,Ausschließlich geradeaus,0.5615533,"(227, 171, 143)","(28, 84, 112)"
135,Ausschließlich geradeaus,0.4258855,"(227, 171, 115)","(28, 84, 140)"
136,Kreisverkehr,0.54522461,"(227, 171, 87)","(28, 84, 168)"
137,Kreisverkehr,0.67979896,"(227, 171, 59)","(28, 84, 196)"
138,Kreisverkehr,0.76351303,"(227, 171, 31)","(28, 84, 224)"
139,Kreisverkehr,0.85228491,"(227, 171, 3)","(28, 84, 252)"
140,Ende der Geschwindigkeitsbegrenzung (80),0.13682386,"(227, 143, 255)","(28, 112, 0)"
141,Ausschließlich geradeaus,0.32287401,"(227, 143, 227)","(28, 112, 28)"
142,Ausschließlich geradeaus,0.49914122,"(227, 143, 199)","(28, 112, 56)"
143,Ausschließlich geradeaus,0.54345167,"(227, 143, 171)","(28, 112, 84)"
144,Ausschließlich geradeaus,0.45667294,"(227, 143, 143)","(28, 112, 112)"
145,Kreisverkehr,0.49349123,"(227, 143, 115)","(28, 112, 140)"
146,Kreisverkehr,0.63249397,"(227, 143, 87)","(28, 112, 168)"
147,Kreisverkehr,0.72164744,"(227, 143, 59)","(28, 112, 196)"
148,Kreisverkehr,0.82686663,"(227, 143, 31)","(28, 112, 224)"
149,Kreisverkehr,0.90227544,"(227, 143, 3)","(28, 112, 252)"
150,Ausschließlich geradeaus,0.15089667,"(227, 115, 255)","(28, 140, 0)"
151,Ausschließlich geradeaus,0.36297527,"(227, 115, 227)","(28, 140, 28)"
152,Ausschließlich geradeaus,0.48532665,"(227, 115, 199)","(28, 140, 56)"
153,Ausschließlich geradeaus,0.46660605,"(227, 115, 171)","(28, 140, 84)"
154,Kreisverkehr,0.43600231,"(227, 115, 143)","(28, 140, 112)"
155,Kreisverkehr,0.57351124,"(227, 115, 115)","(28, 140, 140)"
156,Kreisverkehr,0.67435008,"(227, 115, 87)","(28, 140, 168)"
157,Kreisverkehr,0.79682344,"(227, 115, 59)","(28, 140, 196)"
158,Kreisverkehr,0.88192481,"(227, 115, 31)","(28, 140, 224)"
159,Kreisverkehr,0.95104438,"(227, 115, 3)","(28, 140, 252)"
160,Ausschließlich geradeaus,0.16159429,"(227, 87, 255)","(28, 168, 0)"
161,Ausschließlich geradeaus,0.35784572,"(227, 87, 227)","(28, 168, 28)"
162,Ausschließlich geradeaus,0.43080211,"(227, 87, 199)","(28, 168, 56)"
163,Ausschließlich geradeaus,0.36844403,"(227, 87, 171)","(28, 168, 84)"
164,Kreisverkehr,0.38554257,"(227, 87, 143)","(28, 168, 112)"
165,Kreisverkehr,0.4657295,"(227, 87, 115)","(28, 168, 140)"
166,Kreisverkehr,0.59539956,"(227, 87, 87)","(28, 168, 168)"
167,Kreisverkehr,0.72768098,"(227, 87, 59)","(28, 168, 196)"
168,Kreisverkehr,0.86266714,"(227, 87, 31)","(28, 168, 224)"
169,Kreisverkehr,0.93571132,"(227, 87, 3)","(28, 168, 252)"
170,Ausschließlich geradeaus,0.12609065,"(227, 59, 255)","(28, 196, 0)"
171,Ausschließlich geradeaus,0.26494116,"(227, 59, 227)","(28, 196, 28)"
172,Ausschließlich geradeaus,0.27814066,"(227, 59, 199)","(28, 196, 56)"
173,Ausschließlich rechts,0.27825633,"(227, 59, 171)","(28, 196, 84)"
174,Ausschließlich rechts,0.26457533,"(227, 59, 143)","(28, 196, 112)"
175,Ausschließlich rechts,0.28841579,"(227, 59, 115)","(28, 196, 140)"
176,Kreisverkehr,0.39389509,"(227, 59, 87)","(28, 196, 168)"
177,Kreisverkehr,0.61112446,"(227, 59, 59)","(28, 196, 196)"
178,Kreisverkehr,0.78394485,"(227, 59, 31)","(28, 196, 224)"
179,Kreisverkehr,0.88954723,"(227, 59, 3)","(28, 196, 252)"
180,Ausschließlich geradeaus,0.07907385,"(227, 31, 255)","(28, 224, 0)"
181,Ausschließlich rechts,0.14907724,"(227, 31, 227)","(28, 224, 28)"
182,Ausschließlich rechts,0.2309404,"(227, 31, 199)","(28, 224, 56)"
183,Ausschließlich rechts,0.18906282,"(227, 31, 171)","(28, 224, 84)"
184,Ausschließlich rechts,0.23547933,"(227, 31, 143)","(28, 224, 112)"
185,Ausschließlich rechts,0.41254976,"(227, 31, 115)","(28, 224, 140)"
186,Ausschließlich rechts,0.48540914,"(227, 31, 87)","(28, 224, 168)"
187,Kreisverkehr,0.46625602,"(227, 31, 59)","(28, 224, 196)"
188,Kreisverkehr,0.66152424,"(227, 31, 31)","(28, 224, 224)"
189,Kreisverkehr,0.80812311,"(227, 31, 3)","(28, 224, 252)"
190,Ausschließlich rechts,0.04105391,"(227, 3, 255)","(28, 252, 0)"
191,Ausschließlich rechts,0.06719482,"(227, 3, 227)","(28, 252, 28)"
192,Ausschließlich rechts,0.06764088,"(227, 3, 199)","(28, 252, 56)"
193,Ausschließlich rechts,0.09564883,"(227, 3, 171)","(28, 252, 84)"
194,Ausschließlich rechts,0.25396729,"(227, 3, 143)","(28, 252, 112)"
195,Ausschließlich rechts,0.53561151,"(227, 3, 115)","(28, 252, 140)"
196,Ausschließlich rechts,0.60617507,"(227, 3, 87)","(28, 252, 168)"
197,Ausschließlich rechts,0.51085389,"(227, 3, 59)","(28, 252, 196)"
198,Kreisverkehr,0.49402955,"(227, 3, 31)","(28, 252, 224)"
199,Kreisverkehr,0.6766876,"(227, 3, 3)","(28, 252, 252)"
200,Verbot der Einfahrt,0.62647766,"(199, 255, 255)","(56, 0, 0)"
201,Verbot der Einfahrt,0.50291049,"(199, 255, 227)","(56, 0, 28)"
202,Stoppschild,0.49935353,"(199, 255, 199)","(56, 0, 56)"
203,Ausschließlich geradeaus,0.16972102,"(199, 255, 171)","(56, 0, 84)"
204,Ausschließlich geradeaus,0.38605115,"(199, 255, 143)","(56, 0, 112)"
205,Ausschließlich geradeaus,0.46833968,"(199, 255, 115)","(56, 0, 140)"
206,Ausschließlich geradeaus,0.49085155,"(199, 255, 87)","(56, 0, 168)"
207,Kreisverkehr,0.39014247,"(199, 255, 59)","(56, 0, 196)"
208,Kreisverkehr,0.54404825,"(199, 255, 31)","(56, 0, 224)"
209,Kreisverkehr,0.66368276,"(199, 255, 3)","(56, 0, 252)"
210,Verbot der Einfahrt,0.60223967,"(199, 227, 255)","(56, 28, 0)"
211,Stoppschild,0.48285705,"(199, 227, 227)","(56, 28, 28)"
212,Stoppschild,0.18424085,"(199, 227, 199)","(56, 28, 56)"
213,Ausschließlich geradeaus,0.26794317,"(199, 227, 171)","(56, 28, 84)"
214,Ausschließlich geradeaus,0.44089511,"(199, 227, 143)","(56, 28, 112)"
215,Ausschließlich geradeaus,0.51672482,"(199, 227, 115)","(56, 28, 140)"
216,Ausschließlich geradeaus,0.45257658,"(199, 227, 87)","(56, 28, 168)"
217,Kreisverkehr,0.50838798,"(199, 227, 59)","(56, 28, 196)"
218,Kreisverkehr,0.64726174,"(199, 227, 31)","(56, 28, 224)"
219,Kreisverkehr,0.75073218,"(199, 227, 3)","(56, 28, 252)"
220,Verbot der Einfahrt,0.57220519,"(199, 199, 255)","(56, 56, 0)"
221,Verbot der Einfahrt,0.38576144,"(199, 199, 227)","(56, 56, 28)"
222,Ausschließlich geradeaus,0.12217001,"(199, 199, 199)","(56, 56, 56)"
223,Ausschließlich geradeaus,0.34161192,"(199, 199, 171)","(56, 56, 84)"
224,Ausschließlich geradeaus,0.47301379,"(199, 199, 143)","(56, 56, 112)"
225,Ausschließlich geradeaus,0.4793992,"(199, 199, 115)","(56, 56, 140)"
226,Kreisverkehr,0.43897277,"(199, 199, 87)","(56, 56, 168)"
227,Kreisverkehr,0.59407037,"(199, 199, 59)","(56, 56, 196)"
228,Kreisverkehr,0.71052504,"(199, 199, 31)","(56, 56, 224)"
229,Kreisverkehr,0.79379678,"(199, 199, 3)","(56, 56, 252)"
230,Verbot der Einfahrt,0.54747283,"(199, 171, 255)","(56, 84, 0)"
231,Verbot der Einfahrt,0.2510435,"(199, 171, 227)","(56, 84, 28)"
232,Ausschließlich geradeaus,0.18047906,"(199, 171, 199)","(56, 84, 56)"
233,Ausschließlich geradeaus,0.39336094,"(199, 171, 171)","(56, 84, 84)"
234,Ausschließlich geradeaus,0.46997368,"(199, 171, 143)","(56, 84, 112)"
235,Ausschließlich geradeaus,0.39395928,"(199, 171, 115)","(56, 84, 140)"
236,Kreisverkehr,0.53405094,"(199, 171, 87)","(56, 84, 168)"
237,Kreisverkehr,0.65969557,"(199, 171, 59)","(56, 84, 196)"
238,Kreisverkehr,0.75684732,"(199, 171, 31)","(56, 84, 224)"
239,Kreisverkehr,0.87095976,"(199, 171, 3)","(56, 84, 252)"
240,Verbot der Einfahrt,0.49830979,"(199, 143, 255)","(56, 112, 0)"
241,Vorfahrt,0.16310672,"(199, 143, 227)","(56, 112, 28)"
242,Ausschließlich geradeaus,0.23122478,"(199, 143, 199)","(56, 112, 56)"
243,Ausschließlich geradeaus,0.40441456,"(199, 143, 171)","(56, 112, 84)"
244,Ausschließlich geradeaus,0.39850172,"(199, 143, 143)","(56, 112, 112)"
245,Kreisverkehr,0.46392718,"(199, 143, 115)","(56, 112, 140)"
246,Kreisverkehr,0.60703474,"(199, 143, 87)","(56, 112, 168)"
247,Kreisverkehr,0.72330773,"(199, 143, 59)","(56, 112, 196)"
248,Kreisverkehr,0.84382725,"(199, 143, 31)","(56, 112, 224)"
249,Kreisverkehr,0.93697113,"(199, 143, 3)","(56, 112, 252)"
250,Verbot der Einfahrt,0.35132027,"(199, 115, 255)","(56, 140, 0)"
251,Ausschließlich geradeaus,0.09276257,"(199, 115, 227)","(56, 140, 28)"
252,Ausschließlich geradeaus,0.27372867,"(199, 115, 199)","(56, 140, 56)"
253,Ausschließlich geradeaus,0.36648151,"(199, 115, 171)","(56, 140, 84)"
254,Kreisverkehr,0.3909463,"(199, 115, 143)","(56, 140, 112)"
255,Kreisverkehr,0.55223489,"(199, 115, 115)","(56, 140, 140)"
256,Kreisverkehr,0.67915821,"(199, 115, 87)","(56, 140, 168)"
257,Kreisverkehr,0.81686425,"(199, 115, 59)","(56, 140, 196)"
258,Kreisverkehr,0.92231011,"(199, 115, 31)","(56, 140, 224)"
259,Kreisverkehr,0.96849602,"(199, 115, 3)","(56, 140, 252)"
260,Vorfahrt,0.27788714,"(199, 87, 255)","(56, 168, 0)"
261,Ausschließlich geradeaus,0.12244298,"(199, 87, 227)","(56, 168, 28)"
262,Ausschließlich geradeaus,0.2946015,"(199, 87, 199)","(56, 168, 56)"
263,Ausschließlich geradeaus,0.30231878,"(199, 87, 171)","(56, 168, 84)"
264,Kreisverkehr,0.44304028,"(199, 87, 143)","(56, 168, 112)"
265,Kreisverkehr,0.5611037,"(199, 87, 115)","(56, 168, 140)"
266,Kreisverkehr,0.73414087,"(199, 87, 87)","(56, 168, 168)"
267,Kreisverkehr,0.86975914,"(199, 87, 59)","(56, 168, 196)"
268,Kreisverkehr,0.94080049,"(199, 87, 31)","(56, 168, 224)"
269,Kreisverkehr,0.97226197,"(199, 87, 3)","(56, 168, 252)"
270,Vorfahrt,0.13120562,"(199, 59, 255)","(56, 196, 0)"
271,Ausschließlich geradeaus,0.08328203,"(199, 59, 227)","(56, 196, 28)"
272,Ausschließlich geradeaus,0.17633153,"(199, 59, 199)","(56, 196, 56)"
273,Ausschließlich geradeaus,0.15730006,"(199, 59, 171)","(56, 196, 84)"
274,Kreisverkehr,0.19588979,"(199, 59, 143)","(56, 196, 112)"
275,Kreisverkehr,0.39773983,"(199, 59, 115)","(56, 196, 140)"
276,Kreisverkehr,0.64065987,"(199, 59, 87)","(56, 196, 168)"
277,Kreisverkehr,0.80771112,"(199, 59, 59)","(56, 196, 196)"
278,Kreisverkehr,0.90183055,"(199, 59, 31)","(56, 196, 224)"
279,Kreisverkehr,0.95164943,"(199, 59, 3)","(56, 196, 252)"
280,Vorfahrt gewähren,0.01507438,"(199, 31, 255)","(56, 224, 0)"
281,Ausschließlich geradeaus,0.02498361,"(199, 31, 227)","(56, 224, 28)"
282,Rechts vorbei,0.04391618,"(199, 31, 199)","(56, 224, 56)"
283,Rechts vorbei,0.0637349,"(199, 31, 171)","(56, 224, 84)"
284,Ausschließlich rechts,0.16683522,"(199, 31, 143)","(56, 224, 112)"
285,Ausschließlich rechts,0.28648198,"(199, 31, 115)","(56, 224, 140)"
286,Kreisverkehr,0.51149297,"(199, 31, 87)","(56, 224, 168)"
287,Kreisverkehr,0.69872481,"(199, 31, 59)","(56, 224, 196)"
288,Kreisverkehr,0.83195961,"(199, 31, 31)","(56, 224, 224)"
289,Kreisverkehr,0.91109979,"(199, 31, 3)","(56, 224, 252)"
290,Zulässige Höchstgeschwindigkeit (80),0.00248317,"(199, 3, 255)","(56, 252, 0)"
291,Rechts vorbei,0.00577385,"(199, 3, 227)","(56, 252, 28)"
292,Rechts vorbei,0.01071458,"(199, 3, 199)","(56, 252, 56)"
293,Ausschließlich rechts,0.0599514,"(199, 3, 171)","(56, 252, 84)"
294,Ausschließlich rechts,0.24811487,"(199, 3, 143)","(56, 252, 112)"
295,Ausschließlich rechts,0.36548075,"(199, 3, 115)","(56, 252, 140)"
296,Kreisverkehr,0.34848252,"(199, 3, 87)","(56, 252, 168)"
297,Kreisverkehr,0.52777839,"(199, 3, 59)","(56, 252, 196)"
298,Kreisverkehr,0.6848132,"(199, 3, 31)","(56, 252, 224)"
299,Kreisverkehr,0.79350442,"(199, 3, 3)","(56, 252, 252)"
300,Verbot der Einfahrt,0.832259,"(171, 255, 255)","(84, 0, 0)"
301,Verbot der Einfahrt,0.76280427,"(171, 255, 227)","(84, 0, 28)"
302,Verbot der Einfahrt,0.66451907,"(171, 255, 199)","(84, 0, 56)"
303,Verbot der Einfahrt,0.50401664,"(171, 255, 171)","(84, 0, 84)"
304,Ausschließlich geradeaus,0.08462242,"(171, 255, 143)","(84, 0, 112)"
305,Ausschließlich geradeaus,0.25556406,"(171, 255, 115)","(84, 0, 140)"
306,Ausschließlich geradeaus,0.3296375,"(171, 255, 87)","(84, 0, 168)"
307,Kreisverkehr,0.30225313,"(171, 255, 59)","(84, 0, 196)"
308,Kreisverkehr,0.44764674,"(171, 255, 31)","(84, 0, 224)"
309,Kreisverkehr,0.55720335,"(171, 255, 3)","(84, 0, 252)"
310,Verbot der Einfahrt,0.81947184,"(171, 227, 255)","(84, 28, 0)"
311,Verbot der Einfahrt,0.74332428,"(171, 227, 227)","(84, 28, 28)"
312,Verbot der Einfahrt,0.6124317,"(171, 227, 199)","(84, 28, 56)"
313,Verbot der Einfahrt,0.28369543,"(171, 227, 171)","(84, 28, 84)"
314,Ausschließlich geradeaus,0.15838028,"(171, 227, 143)","(84, 28, 112)"
315,Ausschließlich geradeaus,0.31707168,"(171, 227, 115)","(84, 28, 140)"
316,Ausschließlich geradeaus,0.34268901,"(171, 227, 87)","(84, 28, 168)"
317,Kreisverkehr,0.43272626,"(171, 227, 59)","(84, 28, 196)"
318,Kreisverkehr,0.57287651,"(171, 227, 31)","(84, 28, 224)"
319,Kreisverkehr,0.65616941,"(171, 227, 3)","(84, 28, 252)"
320,Verbot der Einfahrt,0.79844677,"(171, 199, 255)","(84, 56, 0)"
321,Verbot der Einfahrt,0.70070797,"(171, 199, 227)","(84, 56, 28)"
322,Verbot der Einfahrt,0.46765566,"(171, 199, 199)","(84, 56, 56)"
323,Vorfahrt,0.13653509,"(171, 199, 171)","(84, 56, 84)"
324,Ausschließlich geradeaus,0.23180468,"(171, 199, 143)","(84, 56, 112)"
325,Ausschließlich geradeaus,0.34177864,"(171, 199, 115)","(84, 56, 140)"
326,Kreisverkehr,0.37124968,"(171, 199, 87)","(84, 56, 168)"
327,Kreisverkehr,0.53251922,"(171, 199, 59)","(84, 56, 196)"
328,Kreisverkehr,0.64530975,"(171, 199, 31)","(84, 56, 224)"
329,Kreisverkehr,0.81088376,"(171, 199, 3)","(84, 56, 252)"
330,Verbot der Einfahrt,0.78711158,"(171, 171, 255)","(84, 84, 0)"
331,Verbot der Einfahrt,0.65248811,"(171, 171, 227)","(84, 84, 28)"
332,Vorfahrt,0.32471824,"(171, 171, 199)","(84, 84, 56)"
333,Ausschließlich geradeaus,0.09806863,"(171, 171, 171)","(84, 84, 84)"
334,Ausschließlich geradeaus,0.27603132,"(171, 171, 143)","(84, 84, 112)"
335,Ausschließlich geradeaus,0.30119061,"(171, 171, 115)","(84, 84, 140)"
336,Kreisverkehr,0.45312256,"(171, 171, 87)","(84, 84, 168)"
337,Kreisverkehr,0.58797795,"(171, 171, 59)","(84, 84, 196)"
338,Kreisverkehr,0.77066284,"(171, 171, 31)","(84, 84, 224)"
339,Kreisverkehr,0.9110328,"(171, 171, 3)","(84, 84, 252)"
340,Verbot der Einfahrt,0.76294571,"(171, 143, 255)","(84, 112, 0)"
341,Verbot der Einfahrt,0.53750634,"(171, 143, 227)","(84, 112, 28)"
342,Vorfahrt,0.33322242,"(171, 143, 199)","(84, 112, 56)"
343,Ausschließlich geradeaus,0.13896355,"(171, 143, 171)","(84, 112, 84)"
344,Ausschließlich geradeaus,0.26781049,"(171, 143, 143)","(84, 112, 112)"
345,Kreisverkehr,0.37409016,"(171, 143, 115)","(84, 112, 140)"
346,Kreisverkehr,0.5079419,"(171, 143, 87)","(84, 112, 168)"
347,Kreisverkehr,0.73465651,"(171, 143, 59)","(84, 112, 196)"
348,Kreisverkehr,0.89006168,"(171, 143, 31)","(84, 112, 224)"
349,Kreisverkehr,0.9553985,"(171, 143, 3)","(84, 112, 252)"
350,Verbot der Einfahrt,0.69525766,"(171, 115, 255)","(84, 140, 0)"
351,Vorfahrt,0.36709297,"(171, 115, 227)","(84, 140, 28)"
352,Vorfahrt,0.1446735,"(171, 115, 199)","(84, 140, 56)"
353,Ausschließlich geradeaus,0.1567957,"(171, 115, 171)","(84, 140, 84)"
354,Kreisverkehr,0.24839796,"(171, 115, 143)","(84, 140, 112)"
355,Kreisverkehr,0.42473379,"(171, 115, 115)","(84, 140, 140)"
356,Kreisverkehr,0.69355053,"(171, 115, 87)","(84, 140, 168)"
357,Kreisverkehr,0.86589599,"(171, 115, 59)","(84, 140, 196)"
358,Kreisverkehr,0.94339871,"(171, 115, 31)","(84, 140, 224)"
359,Kreisverkehr,0.97582608,"(171, 115, 3)","(84, 140, 252)"
360,Verbot der Einfahrt,0.53633231,"(171, 87, 255)","(84, 168, 0)"
361,Vorfahrt,0.39773455,"(171, 87, 227)","(84, 168, 28)"
362,Vorfahrt gewähren,0.07969192,"(171, 87, 199)","(84, 168, 56)"
363,Ausschließlich geradeaus,0.15906866,"(171, 87, 171)","(84, 168, 84)"
364,Kreisverkehr,0.29681513,"(171, 87, 143)","(84, 168, 112)"
365,Kreisverkehr,0.63475806,"(171, 87, 115)","(84, 168, 140)"
366,Kreisverkehr,0.83911353,"(171, 87, 87)","(84, 168, 168)"
367,Kreisverkehr,0.9298299,"(171, 87, 59)","(84, 168, 196)"
368,Kreisverkehr,0.96880955,"(171, 87, 31)","(84, 168, 224)"
369,Kreisverkehr,0.98546982,"(171, 87, 3)","(84, 168, 252)"
370,Vorfahrt,0.2909466,"(171, 59, 255)","(84, 196, 0)"
371,Vorfahrt,0.1700194,"(171, 59, 227)","(84, 196, 28)"
372,Vorfahrt gewähren,0.03137733,"(171, 59, 199)","(84, 196, 56)"
373,Rechts vorbei,0.10177256,"(171, 59, 171)","(84, 196, 84)"
374,Kreisverkehr,0.22531758,"(171, 59, 143)","(84, 196, 112)"
375,Kreisverkehr,0.58882195,"(171, 59, 115)","(84, 196, 140)"
376,Kreisverkehr,0.78314382,"(171, 59, 87)","(84, 196, 168)"
377,Kreisverkehr,0.88863397,"(171, 59, 59)","(84, 196, 196)"
378,Kreisverkehr,0.94393981,"(171, 59, 31)","(84, 196, 224)"
379,Kreisverkehr,0.97071248,"(171, 59, 3)","(84, 196, 252)"
380,Vorfahrt,0.05303092,"(171, 31, 255)","(84, 224, 0)"
381,Vorfahrt gewähren,0.00888696,"(171, 31, 227)","(84, 224, 28)"
382,Rechts vorbei,0.00849335,"(171, 31, 199)","(84, 224, 56)"
383,Rechts vorbei,0.05997389,"(171, 31, 171)","(84, 224, 84)"
384,Rechts vorbei,0.17524901,"(171, 31, 143)","(84, 224, 112)"
385,Kreisverkehr,0.43746123,"(171, 31, 115)","(84, 224, 140)"
386,Kreisverkehr,0.63202322,"(171, 31, 87)","(84, 224, 168)"
387,Kreisverkehr,0.76721764,"(171, 31, 59)","(84, 224, 196)"
388,Kreisverkehr,0.84859866,"(171, 31, 31)","(84, 224, 224)"
389,Kreisverkehr,0.8891089,"(171, 31, 3)","(84, 224, 252)"
390,Vorfahrt,0.00314561,"(171, 3, 255)","(84, 252, 0)"
391,Vorfahrt gewähren,0.00079952,"(171, 3, 227)","(84, 252, 28)"
392,Rechts vorbei,0.00618732,"(171, 3, 199)","(84, 252, 56)"
393,Zulässige Höchstgeschwindigkeit (70),0.05798979,"(171, 3, 171)","(84, 252, 84)"
394,Rechts vorbei,0.16976075,"(171, 3, 143)","(84, 252, 112)"
395,Verbot für Fahrzeuge aller Art,0.26121226,"(171, 3, 115)","(84, 252, 140)"
396,Verbot für Fahrzeuge aller Art,0.37919304,"(171, 3, 87)","(84, 252, 168)"
397,Verbot für Fahrzeuge aller Art,0.45967972,"(171, 3, 59)","(84, 252, 196)"
398,Verbot für Fahrzeuge aller Art,0.50104898,"(171, 3, 31)","(84, 252, 224)"
399,Verbot für Fahrzeuge aller Art,0.52353168,"(171, 3, 3)","(84, 252, 252)"
400,Verbot der Einfahrt,0.93625283,"(143, 255, 255)","(112, 0, 0)"
401,Verbot der Einfahrt,0.9036895,"(143, 255, 227)","(112, 0, 28)"
402,Verbot der Einfahrt,0.85927916,"(143, 255, 199)","(112, 0, 56)"
403,Verbot der Einfahrt,0.7914269,"(143, 255, 171)","(112, 0, 84)"
404,Verbot der Einfahrt,0.61093724,"(143, 255, 143)","(112, 0, 112)"
405,Wildwechsel,0.05988532,"(143, 255, 115)","(112, 0, 140)"
406,Ausschließlich geradeaus,0.10635228,"(143, 255, 87)","(112, 0, 168)"
407,Kreisverkehr,0.14989264,"(143, 255, 59)","(112, 0, 196)"
408,Kreisverkehr,0.23411454,"(143, 255, 31)","(112, 0, 224)"
409,Kreisverkehr,0.26983261,"(143, 255, 3)","(112, 0, 252)"
410,Verbot der Einfahrt,0.93327689,"(143, 227, 255)","(112, 28, 0)"
411,Verbot der Einfahrt,0.89664173,"(143, 227, 227)","(112, 28, 28)"
412,Verbot der Einfahrt,0.84193867,"(143, 227, 199)","(112, 28, 56)"
413,Verbot der Einfahrt,0.72354531,"(143, 227, 171)","(112, 28, 84)"
414,Verbot der Einfahrt,0.31226158,"(143, 227, 143)","(112, 28, 112)"
415,Ausschließlich geradeaus,0.05471114,"(143, 227, 115)","(112, 28, 140)"
416,Ausschließlich geradeaus,0.16012689,"(143, 227, 87)","(112, 28, 168)"
417,Kreisverkehr,0.26179454,"(143, 227, 59)","(112, 28, 196)"
418,Kreisverkehr,0.34354836,"(143, 227, 31)","(112, 28, 224)"
419,Kreisverkehr,0.62504977,"(143, 227, 3)","(112, 28, 252)"
420,Verbot der Einfahrt,0.92626709,"(143, 199, 255)","(112, 56, 0)"
421,Verbot der Einfahrt,0.87536764,"(143, 199, 227)","(112, 56, 28)"
422,Verbot der Einfahrt,0.76862794,"(143, 199, 199)","(112, 56, 56)"
423,Verbot der Einfahrt,0.47085249,"(143, 199, 171)","(112, 56, 84)"
424,Vorfahrt,0.25282237,"(143, 199, 143)","(112, 56, 112)"
425,Ausschließlich geradeaus,0.10257913,"(143, 199, 115)","(112, 56, 140)"
426,Kreisverkehr,0.2042,"(143, 199, 87)","(112, 56, 168)"
427,Kreisverkehr,0.3696911,"(143, 199, 59)","(112, 56, 196)"
428,Kreisverkehr,0.62398857,"(143, 199, 31)","(112, 56, 224)"
429,Kreisverkehr,0.8635295,"(143, 199, 3)","(112, 56, 252)"
430,Verbot der Einfahrt,0.91076803,"(143, 171, 255)","(112, 84, 0)"
431,Verbot der Einfahrt,0.83098018,"(143, 171, 227)","(112, 84, 28)"
432,Verbot der Einfahrt,0.62231582,"(143, 171, 199)","(112, 84, 56)"
433,Vorfahrt,0.44047558,"(143, 171, 171)","(112, 84, 84)"
434,Vorfahrt,0.08220503,"(143, 171, 143)","(112, 84, 112)"
435,Ausschließlich geradeaus,0.11398523,"(143, 171, 115)","(112, 84, 140)"
436,Kreisverkehr,0.22935574,"(143, 171, 87)","(112, 84, 168)"
437,Kreisverkehr,0.52261198,"(143, 171, 59)","(112, 84, 196)"
438,Kreisverkehr,0.81625718,"(143, 171, 31)","(112, 84, 224)"
439,Kreisverkehr,0.92594099,"(143, 171, 3)","(112, 84, 252)"
440,Verbot der Einfahrt,0.88897622,"(143, 143, 255)","(112, 112, 0)"
441,Verbot der Einfahrt,0.75078648,"(143, 143, 227)","(112, 112, 28)"
442,Verbot der Einfahrt,0.39244807,"(143, 143, 199)","(112, 112, 56)"
443,Vorfahrt,0.36251417,"(143, 143, 171)","(112, 112, 84)"
444,Vorfahrt gewähren,0.05286681,"(143, 143, 143)","(112, 112, 112)"
445,Kreisverkehr,0.12905864,"(143, 143, 115)","(112, 112, 140)"
446,Kreisverkehr,0.35939768,"(143, 143, 87)","(112, 112, 168)"
447,Kreisverkehr,0.74141651,"(143, 143, 59)","(112, 112, 196)"
448,Kreisverkehr,0.89950466,"(143, 143, 31)","(112, 112, 224)"
449,Kreisverkehr,0.95720983,"(143, 143, 3)","(112, 112, 252)"
450,Verbot der Einfahrt,0.83066893,"(143, 115, 255)","(112, 140, 0)"
451,Verbot der Einfahrt,0.54784048,"(143, 115, 227)","(112, 140, 28)"
452,Vorfahrt,0.38935477,"(143, 115, 199)","(112, 140, 56)"
453,Vorfahrt,0.16892585,"(143, 115, 171)","(112, 140, 84)"
454,Rechts vorbei,0.04897888,"(143, 115, 143)","(112, 140, 112)"
455,Kreisverkehr,0.22719121,"(143, 115, 115)","(112, 140, 140)"
456,Kreisverkehr,0.60077393,"(143, 115, 87)","(112, 140, 168)"
457,Kreisverkehr,0.85670799,"(143, 115, 59)","(112, 140, 196)"
458,Kreisverkehr,0.93770134,"(143, 115, 31)","(112, 140, 224)"
459,Kreisverkehr,0.972139,"(143, 115, 3)","(112, 140, 252)"
460,Verbot der Einfahrt,0.67459226,"(143, 87, 255)","(112, 168, 0)"
461,Vorfahrt,0.39637741,"(143, 87, 227)","(112, 168, 28)"
462,Vorfahrt,0.28780454,"(143, 87, 199)","(112, 168, 56)"
463,Vorfahrt gewähren,0.04102562,"(143, 87, 171)","(112, 168, 84)"
464,Rechts vorbei,0.10725641,"(143, 87, 143)","(112, 168, 112)"
465,Kreisverkehr,0.42656574,"(143, 87, 115)","(112, 168, 140)"
466,Kreisverkehr,0.75033683,"(143, 87, 87)","(112, 168, 168)"
467,Kreisverkehr,0.90570617,"(143, 87, 59)","(112, 168, 196)"
468,Kreisverkehr,0.95521581,"(143, 87, 31)","(112, 168, 224)"
469,Kreisverkehr,0.97667044,"(143, 87, 3)","(112, 168, 252)"
470,Verbot der Einfahrt,0.37188116,"(143, 59, 255)","(112, 196, 0)"
471,Vorfahrt,0.25004923,"(143, 59, 227)","(112, 196, 28)"
472,Vorfahrt,0.10498769,"(143, 59, 199)","(112, 196, 56)"
473,Vorfahrt gewähren,0.03252367,"(143, 59, 171)","(112, 196, 84)"
474,Kreisverkehr,0.15286238,"(143, 59, 143)","(112, 196, 112)"
475,Kreisverkehr,0.42193255,"(143, 59, 115)","(112, 196, 140)"
476,Kreisverkehr,0.70930517,"(143, 59, 87)","(112, 196, 168)"
477,Kreisverkehr,0.84220773,"(143, 59, 59)","(112, 196, 196)"
478,Kreisverkehr,0.88992041,"(143, 59, 31)","(112, 196, 224)"
479,Kreisverkehr,0.9139334,"(143, 59, 3)","(112, 196, 252)"
480,Vorfahrt,0.0619174,"(143, 31, 255)","(112, 224, 0)"
481,Vorfahrt,0.02192726,"(143, 31, 227)","(112, 224, 28)"
482,Vorfahrt,0.01825326,"(143, 31, 199)","(112, 224, 56)"
483,Zulässige Höchstgeschwindigkeit (70),0.04593603,"(143, 31, 171)","(112, 224, 84)"
484,Zulässige Höchstgeschwindigkeit (70),0.11774673,"(143, 31, 143)","(112, 224, 112)"
485,Verbot für Fahrzeuge aller Art,0.25626472,"(143, 31, 115)","(112, 224, 140)"
486,Verbot für Fahrzeuge aller Art,0.41060349,"(143, 31, 87)","(112, 224, 168)"
487,Verbot für Fahrzeuge aller Art,0.47329527,"(143, 31, 59)","(112, 224, 196)"
488,Verbot für Fahrzeuge aller Art,0.49966833,"(143, 31, 31)","(112, 224, 224)"
489,Verbot für Fahrzeuge aller Art,0.50902599,"(143, 31, 3)","(112, 224, 252)"
490,Vorfahrt,0.00391137,"(143, 3, 255)","(112, 252, 0)"
491,Vorfahrt,0.00394958,"(143, 3, 227)","(112, 252, 28)"
492,Vorfahrt gewähren,0.01015752,"(143, 3, 199)","(112, 252, 56)"
493,Verbot für Fahrzeuge aller Art,0.1686468,"(143, 3, 171)","(112, 252, 84)"
494,Verbot für Fahrzeuge aller Art,0.44286609,"(143, 3, 143)","(112, 252, 112)"
495,Verbot für Fahrzeuge aller Art,0.71316874,"(143, 3, 115)","(112, 252, 140)"
496,Verbot für Fahrzeuge aller Art,0.85872555,"(143, 3, 87)","(112, 252, 168)"
497,Verbot für Fahrzeuge aller Art,0.9081794,"(143, 3, 59)","(112, 252, 196)"
498,Verbot für Fahrzeuge aller Art,0.92848063,"(143, 3, 31)","(112, 252, 224)"
499,Verbot für Fahrzeuge aller Art,0.93673152,"(143, 3, 3)","(112, 252, 252)"
500,Verbot der Einfahrt,0.98299015,"(115, 255, 255)","(140, 0, 0)"
501,Verbot der Einfahrt,0.97209162,"(115, 255, 227)","(140, 0, 28)"
502,Verbot der Einfahrt,0.95436567,"(115, 255, 199)","(140, 0, 56)"
503,Verbot der Einfahrt,0.92407459,"(115, 255, 171)","(140, 0, 84)"
504,Verbot der Einfahrt,0.84616768,"(115, 255, 143)","(140, 0, 112)"
505,Verbot der Einfahrt,0.49701056,"(115, 255, 115)","(140, 0, 140)"
506,Gefahrenstelle,0.04199612,"(115, 255, 87)","(140, 0, 168)"
507,Gefahrenstelle,0.05136207,"(115, 255, 59)","(140, 0, 196)"
508,Rechts vorbei,0.07030701,"(115, 255, 31)","(140, 0, 224)"
509,Kreisverkehr,0.16841279,"(115, 255, 3)","(140, 0, 252)"
510,Verbot der Einfahrt,0.98278093,"(115, 227, 255)","(140, 28, 0)"
511,Verbot der Einfahrt,0.97021896,"(115, 227, 227)","(140, 28, 28)"
512,Verbot der Einfahrt,0.94705695,"(115, 227, 199)","(140, 28, 56)"
513,Verbot der Einfahrt,0.88899767,"(115, 227, 171)","(140, 28, 84)"
514,Verbot der Einfahrt,0.657354,"(115, 227, 143)","(140, 28, 112)"
515,Vorfahrt,0.19485365,"(115, 227, 115)","(140, 28, 140)"
516,Gefahrenstelle,0.04704695,"(115, 227, 87)","(140, 28, 168)"
517,Rechts vorbei,0.07505037,"(115, 227, 59)","(140, 28, 196)"
518,Kreisverkehr,0.16530655,"(115, 227, 31)","(140, 28, 224)"
519,Kreisverkehr,0.60265177,"(115, 227, 3)","(140, 28, 252)"
520,Verbot der Einfahrt,0.97764003,"(115, 199, 255)","(140, 56, 0)"
521,Verbot der Einfahrt,0.9540047,"(115, 199, 227)","(140, 56, 28)"
522,Verbot der Einfahrt,0.89737868,"(115, 199, 199)","(140, 56, 56)"
523,Verbot der Einfahrt,0.70711362,"(115, 199, 171)","(140, 56, 84)"
524,Vorfahrt,0.3962414,"(115, 199, 143)","(140, 56, 112)"
525,Vorfahrt,0.25050396,"(115, 199, 115)","(140, 56, 140)"
526,Gefahrenstelle,0.04904058,"(115, 199, 87)","(140, 56, 168)"
527,Kreisverkehr,0.13897218,"(115, 199, 59)","(140, 56, 196)"
528,Kreisverkehr,0.51409477,"(115, 199, 31)","(140, 56, 224)"
529,Kreisverkehr,0.8079555,"(115, 199, 3)","(140, 56, 252)"
530,Verbot der Einfahrt,0.95271087,"(115, 171, 255)","(140, 84, 0)"
531,Verbot der Einfahrt,0.88771272,"(115, 171, 227)","(140, 84, 28)"
532,Verbot der Einfahrt,0.72825634,"(115, 171, 199)","(140, 84, 56)"
533,Vorfahrt,0.47885123,"(115, 171, 171)","(140, 84, 84)"
534,Vorfahrt,0.4144724,"(115, 171, 143)","(140, 84, 112)"
535,Vorfahrt,0.08346044,"(115, 171, 115)","(140, 84, 140)"
536,Rechts vorbei,0.07657903,"(115, 171, 87)","(140, 84, 168)"
537,Kreisverkehr,0.34329885,"(115, 171, 59)","(140, 84, 196)"
538,Kreisverkehr,0.67813909,"(115, 171, 31)","(140, 84, 224)"
539,Kreisverkehr,0.88166565,"(115, 171, 3)","(140, 84, 252)"
540,Verbot der Einfahrt,0.91302568,"(115, 143, 255)","(140, 112, 0)"
541,Verbot der Einfahrt,0.77550691,"(115, 143, 227)","(140, 112, 28)"
542,Verbot der Einfahrt,0.48331681,"(115, 143, 199)","(140, 112, 56)"
543,Vorfahrt,0.40908656,"(115, 143, 171)","(140, 112, 84)"
544,Vorfahrt,0.20956358,"(115, 143, 143)","(140, 112, 112)"
545,Gefahrenstelle,0.0430435,"(115, 143, 115)","(140, 112, 140)"
546,Kreisverkehr,0.14664753,"(115, 143, 87)","(140, 112, 168)"
547,Kreisverkehr,0.46292672,"(115, 143, 59)","(140, 112, 196)"
548,Kreisverkehr,0.75926,"(115, 143, 31)","(140, 112, 224)"
549,Kreisverkehr,0.89748824,"(115, 143, 3)","(140, 112, 252)"
550,Verbot der Einfahrt,0.80963498,"(115, 115, 255)","(140, 140, 0)"
551,Verbot der Einfahrt,0.54240578,"(115, 115, 227)","(140, 140, 28)"
552,Vorfahrt,0.37098339,"(115, 115, 199)","(140, 140, 56)"
553,Vorfahrt,0.19966696,"(115, 115, 171)","(140, 140, 84)"
554,Vorfahrt,0.15947817,"(115, 115, 143)","(140, 140, 112)"
555,Vorfahrt gewähren,0.12073394,"(115, 115, 115)","(140, 140, 140)"
556,Kreisverkehr,0.24521522,"(115, 115, 87)","(140, 140, 168)"
557,Kreisverkehr,0.52761978,"(115, 115, 59)","(140, 140, 196)"
558,Kreisverkehr,0.78219515,"(115, 115, 31)","(140, 140, 224)"
559,Kreisverkehr,0.87117714,"(115, 115, 3)","(140, 140, 252)"
560,Verbot der Einfahrt,0.56503886,"(115, 87, 255)","(140, 168, 0)"
561,Vorfahrt,0.30680844,"(115, 87, 227)","(140, 168, 28)"
562,Vorfahrt,0.21105742,"(115, 87, 199)","(140, 168, 56)"
563,Vorfahrt,0.17309757,"(115, 87, 171)","(140, 168, 84)"
564,Vorfahrt,0.239887,"(115, 87, 143)","(140, 168, 112)"
565,Vorfahrt gewähren,0.12242118,"(115, 87, 115)","(140, 168, 140)"
566,Kreisverkehr,0.28403917,"(115, 87, 87)","(140, 168, 168)"
567,Kreisverkehr,0.56078064,"(115, 87, 59)","(140, 168, 196)"
568,Kreisverkehr,0.72204912,"(115, 87, 31)","(140, 168, 224)"
569,Kreisverkehr,0.78289473,"(115, 87, 3)","(140, 168, 252)"
570,Vorfahrt,0.25179702,"(115, 59, 255)","(140, 196, 0)"
571,Vorfahrt,0.20163415,"(115, 59, 227)","(140, 196, 28)"
572,Vorfahrt,0.206103,"(115, 59, 199)","(140, 196, 56)"
573,Vorfahrt,0.51629591,"(115, 59, 171)","(140, 196, 84)"
574,Vorfahrt gewähren,0.22904789,"(115, 59, 143)","(140, 196, 112)"
575,Verbot für Fahrzeuge aller Art,0.22399916,"(115, 59, 115)","(140, 196, 140)"
576,Verbot für Fahrzeuge aller Art,0.36189103,"(115, 59, 87)","(140, 196, 168)"
577,Verbot für Fahrzeuge aller Art,0.46645114,"(115, 59, 59)","(140, 196, 196)"
578,Verbot für Fahrzeuge aller Art,0.50008589,"(115, 59, 31)","(140, 196, 224)"
579,Verbot für Fahrzeuge aller Art,0.49787593,"(115, 59, 3)","(140, 196, 252)"
580,Vorfahrt,0.04795806,"(115, 31, 255)","(140, 224, 0)"
581,Vorfahrt,0.04737255,"(115, 31, 227)","(140, 224, 28)"
582,Vorfahrt,0.21894307,"(115, 31, 199)","(140, 224, 56)"
583,Vorfahrt,0.44158033,"(115, 31, 171)","(140, 224, 84)"
584,Verbot für Fahrzeuge aller Art,0.38062724,"(115, 31, 143)","(140, 224, 112)"
585,Verbot für Fahrzeuge aller Art,0.60502589,"(115, 31, 115)","(140, 224, 140)"
586,Verbot für Fahrzeuge aller Art,0.81258982,"(115, 31, 87)","(140, 224, 168)"
587,Verbot für Fahrzeuge aller Art,0.90269721,"(115, 31, 59)","(140, 224, 196)"
588,Verbot für Fahrzeuge aller Art,0.92475998,"(115, 31, 31)","(140, 224, 224)"
589,Verbot für Fahrzeuge aller Art,0.93142051,"(115, 31, 3)","(140, 224, 252)"
590,Vorfahrt,0.00679006,"(115, 3, 255)","(140, 252, 0)"
591,Vorfahrt,0.04048268,"(115, 3, 227)","(140, 252, 28)"
592,Vorfahrt,0.21213031,"(115, 3, 199)","(140, 252, 56)"
593,Verbot für Fahrzeuge aller Art,0.38737968,"(115, 3, 171)","(140, 252, 84)"
594,Verbot für Fahrzeuge aller Art,0.74647593,"(115, 3, 143)","(140, 252, 112)"
595,Verbot für Fahrzeuge aller Art,0.89554024,"(115, 3, 115)","(140, 252, 140)"
596,Verbot für Fahrzeuge aller Art,0.96533328,"(115, 3, 87)","(140, 252, 168)"
597,Verbot für Fahrzeuge aller Art,0.98640335,"(115, 3, 59)","(140, 252, 196)"
598,Verbot für Fahrzeuge aller Art,0.99224973,"(115, 3, 31)","(140, 252, 224)"
599,Verbot für Fahrzeuge aller Art,0.99427432,"(115, 3, 3)","(140, 252, 252)"
600,Verbot der Einfahrt,0.99636948,"(87, 255, 255)","(168, 0, 0)"
601,Verbot der Einfahrt,0.99364954,"(87, 255, 227)","(168, 0, 28)"
602,Verbot der Einfahrt,0.98803306,"(87, 255, 199)","(168, 0, 56)"
603,Verbot der Einfahrt,0.97317523,"(87, 255, 171)","(168, 0, 84)"
604,Verbot der Einfahrt,0.92077821,"(87, 255, 143)","(168, 0, 112)"
605,Verbot der Einfahrt,0.63651061,"(87, 255, 115)","(168, 0, 140)"
606,Verbot der Einfahrt,0.11997295,"(87, 255, 87)","(168, 0, 168)"
607,Gefahrenstelle,0.01812618,"(87, 255, 59)","(168, 0, 196)"
608,Gefahrenstelle,0.0468157,"(87, 255, 31)","(168, 0, 224)"
609,Zulässige Höchstgeschwindigkeit (70),0.15376346,"(87, 255, 3)","(168, 0, 252)"
610,Verbot der Einfahrt,0.99549472,"(87, 227, 255)","(168, 28, 0)"
611,Verbot der Einfahrt,0.99061161,"(87, 227, 227)","(168, 28, 28)"
612,Verbot der Einfahrt,0.97627175,"(87, 227, 199)","(168, 28, 56)"
613,Verbot der Einfahrt,0.92758578,"(87, 227, 171)","(168, 28, 84)"
614,Verbot der Einfahrt,0.75340223,"(87, 227, 143)","(168, 28, 112)"
615,Verbot der Einfahrt,0.24655047,"(87, 227, 115)","(168, 28, 140)"
616,Vorfahrt,0.06873306,"(87, 227, 87)","(168, 28, 168)"
617,Gefahrenstelle,0.03955543,"(87, 227, 59)","(168, 28, 196)"
618,Gefahrenstelle,0.11876506,"(87, 227, 31)","(168, 28, 224)"
619,Kreisverkehr,0.27436146,"(87, 227, 3)","(168, 28, 252)"
620,Verbot der Einfahrt,0.99012113,"(87, 199, 255)","(168, 56, 0)"
621,Verbot der Einfahrt,0.97199327,"(87, 199, 227)","(168, 56, 28)"
622,Verbot der Einfahrt,0.91286069,"(87, 199, 199)","(168, 56, 56)"
623,Verbot der Einfahrt,0.73405534,"(87, 199, 171)","(168, 56, 84)"
624,Verbot der Einfahrt,0.35896304,"(87, 199, 143)","(168, 56, 112)"
625,Vorfahrt,0.20275737,"(87, 199, 115)","(168, 56, 140)"
626,Vorfahrt,0.16760537,"(87, 199, 87)","(168, 56, 168)"
627,Gefahrenstelle,0.10772709,"(87, 199, 59)","(168, 56, 196)"
628,Kreisverkehr,0.16407956,"(87, 199, 31)","(168, 56, 224)"
629,Kreisverkehr,0.42050743,"(87, 199, 3)","(168, 56, 252)"
630,Verbot der Einfahrt,0.95795476,"(87, 171, 255)","(168, 84, 0)"
631,Verbot der Einfahrt,0.87433028,"(87, 171, 227)","(168, 84, 28)"
632,Verbot der Einfahrt,0.66474444,"(87, 171, 199)","(168, 84, 56)"
633,Vorfahrt,0.42429331,"(87, 171, 171)","(168, 84, 84)"
634,Vorfahrt,0.41328576,"(87, 171, 143)","(168, 84, 112)"
635,Vorfahrt,0.33264598,"(87, 171, 115)","(168, 84, 140)"
636,Vorfahrt,0.40784159,"(87, 171, 87)","(168, 84, 168)"
637,Vorfahrt gewähren,0.13555643,"(87, 171, 59)","(168, 84, 196)"
638,Kreisverkehr,0.23333134,"(87, 171, 31)","(168, 84, 224)"
639,Kreisverkehr,0.47775888,"(87, 171, 3)","(168, 84, 252)"
640,Verbot der Einfahrt,0.8873263,"(87, 143, 255)","(168, 112, 0)"
641,Verbot der Einfahrt,0.68955946,"(87, 143, 227)","(168, 112, 28)"
642,Verbot der Einfahrt,0.35853961,"(87, 143, 199)","(168, 112, 56)"
643,Vorfahrt,0.32643253,"(87, 143, 171)","(168, 112, 84)"
644,Vorfahrt,0.3005459,"(87, 143, 143)","(168, 112, 112)"
645,Vorfahrt,0.58441949,"(87, 143, 115)","(168, 112, 140)"
646,Vorfahrt gewähren,0.23209259,"(87, 143, 87)","(168, 112, 168)"
647,Verbot für Fahrzeuge aller Art,0.22516581,"(87, 143, 59)","(168, 112, 196)"
648,Verbot für Fahrzeuge aller Art,0.3075653,"(87, 143, 31)","(168, 112, 224)"
649,Verbot für Fahrzeuge aller Art,0.41353774,"(87, 143, 3)","(168, 112, 252)"
650,Verbot der Einfahrt,0.70788658,"(87, 115, 255)","(168, 140, 0)"
651,Verbot der Einfahrt,0.35979763,"(87, 115, 227)","(168, 140, 28)"
652,Vorfahrt,0.22560638,"(87, 115, 199)","(168, 140, 56)"
653,Vorfahrt,0.23970902,"(87, 115, 171)","(168, 140, 84)"
654,Vorfahrt,0.58586514,"(87, 115, 143)","(168, 140, 112)"
655,Vorfahrt,0.67578381,"(87, 115, 115)","(168, 140, 140)"
656,Verbot für Fahrzeuge aller Art,0.26748052,"(87, 115, 87)","(168, 140, 168)"
657,Verbot für Fahrzeuge aller Art,0.43176785,"(87, 115, 59)","(168, 140, 196)"
658,Verbot für Fahrzeuge aller Art,0.6221537,"(87, 115, 31)","(168, 140, 224)"
659,Verbot für Fahrzeuge aller Art,0.68129343,"(87, 115, 3)","(168, 140, 252)"
660,Verbot der Einfahrt,0.34353974,"(87, 87, 255)","(168, 168, 0)"
661,Vorfahrt,0.1525379,"(87, 87, 227)","(168, 168, 28)"
662,Vorfahrt,0.17000762,"(87, 87, 199)","(168, 168, 56)"
663,Vorfahrt,0.54393548,"(87, 87, 171)","(168, 168, 84)"
664,Vorfahrt,0.77828056,"(87, 87, 143)","(168, 168, 112)"
665,Vorfahrt,0.49241364,"(87, 87, 115)","(168, 168, 140)"
666,Verbot für Fahrzeuge aller Art,0.54716724,"(87, 87, 87)","(168, 168, 168)"
667,Verbot für Fahrzeuge aller Art,0.70510364,"(87, 87, 59)","(168, 168, 196)"
668,Verbot für Fahrzeuge aller Art,0.82433456,"(87, 87, 31)","(168, 168, 224)"
669,Verbot für Fahrzeuge aller Art,0.85077989,"(87, 87, 3)","(168, 168, 252)"
670,Vorfahrt,0.10643411,"(87, 59, 255)","(168, 196, 0)"
671,Vorfahrt,0.12230461,"(87, 59, 227)","(168, 196, 28)"
672,Vorfahrt,0.51924419,"(87, 59, 199)","(168, 196, 56)"
673,Vorfahrt,0.84519994,"(87, 59, 171)","(168, 196, 84)"
674,Vorfahrt,0.75653255,"(87, 59, 143)","(168, 196, 112)"
675,Verbot für Fahrzeuge aller Art,0.43178517,"(87, 59, 115)","(168, 196, 140)"
676,Verbot für Fahrzeuge aller Art,0.759556,"(87, 59, 87)","(168, 196, 168)"
677,Verbot für Fahrzeuge aller Art,0.88162339,"(87, 59, 59)","(168, 196, 196)"
678,Verbot für Fahrzeuge aller Art,0.93125808,"(87, 59, 31)","(168, 196, 224)"
679,Verbot für Fahrzeuge aller Art,0.93948078,"(87, 59, 3)","(168, 196, 252)"
680,Vorfahrt,0.04737241,"(87, 31, 255)","(168, 224, 0)"
681,Vorfahrt,0.28298149,"(87, 31, 227)","(168, 224, 28)"
682,Vorfahrt,0.723737,"(87, 31, 199)","(168, 224, 56)"
683,Vorfahrt,0.83100927,"(87, 31, 171)","(168, 224, 84)"
684,Vorfahrt,0.47689673,"(87, 31, 143)","(168, 224, 112)"
685,Verbot für Fahrzeuge aller Art,0.81948024,"(87, 31, 115)","(168, 224, 140)"
686,Verbot für Fahrzeuge aller Art,0.93295324,"(87, 31, 87)","(168, 224, 168)"
687,Verbot für Fahrzeuge aller Art,0.97749442,"(87, 31, 59)","(168, 224, 196)"
688,Verbot für Fahrzeuge aller Art,0.99101967,"(87, 31, 31)","(168, 224, 224)"
689,Verbot für Fahrzeuge aller Art,0.99397051,"(87, 31, 3)","(168, 224, 252)"
690,Vorfahrt,0.04232572,"(87, 3, 255)","(168, 252, 0)"
691,Vorfahrt,0.26975131,"(87, 3, 227)","(168, 252, 28)"
692,Vorfahrt,0.69788921,"(87, 3, 199)","(168, 252, 56)"
693,Vorfahrt,0.56937736,"(87, 3, 171)","(168, 252, 84)"
694,Verbot für Fahrzeuge aller Art,0.78496474,"(87, 3, 143)","(168, 252, 112)"
695,Verbot für Fahrzeuge aller Art,0.96056497,"(87, 3, 115)","(168, 252, 140)"
696,Verbot für Fahrzeuge aller Art,0.98709619,"(87, 3, 87)","(168, 252, 168)"
697,Verbot für Fahrzeuge aller Art,0.99622226,"(87, 3, 59)","(168, 252, 196)"
698,Verbot für Fahrzeuge aller Art,0.99864513,"(87, 3, 31)","(168, 252, 224)"
699,Verbot für Fahrzeuge aller Art,0.99931681,"(87, 3, 3)","(168, 252, 252)"
700,Verbot der Einfahrt,0.99900538,"(59, 255, 255)","(196, 0, 0)"
701,Verbot der Einfahrt,0.99754363,"(59, 255, 227)","(196, 0, 28)"
702,Verbot der Einfahrt,0.99173498,"(59, 255, 199)","(196, 0, 56)"
703,Verbot der Einfahrt,0.96496439,"(59, 255, 171)","(196, 0, 84)"
704,Verbot der Einfahrt,0.84598005,"(59, 255, 143)","(196, 0, 112)"
705,Verbot der Einfahrt,0.49389824,"(59, 255, 115)","(196, 0, 140)"
706,Verbot der Einfahrt,0.122504,"(59, 255, 87)","(196, 0, 168)"
707,Vorfahrt,0.0196275,"(59, 255, 59)","(196, 0, 196)"
708,Gefahrenstelle,0.0516886,"(59, 255, 31)","(196, 0, 224)"
709,Zulässige Höchstgeschwindigkeit (70),0.20324343,"(59, 255, 3)","(196, 0, 252)"
710,Verbot der Einfahrt,0.99780053,"(59, 227, 255)","(196, 28, 0)"
711,Verbot der Einfahrt,0.99229103,"(59, 227, 227)","(196, 28, 28)"
712,Verbot der Einfahrt,0.96810001,"(59, 227, 199)","(196, 28, 56)"
713,Verbot der Einfahrt,0.86542839,"(59, 227, 171)","(196, 28, 84)"
714,Verbot der Einfahrt,0.55202579,"(59, 227, 143)","(196, 28, 112)"
715,Verbot der Einfahrt,0.17712051,"(59, 227, 115)","(196, 28, 140)"
716,Vorfahrt,0.07321647,"(59, 227, 87)","(196, 28, 168)"
717,Vorfahrt,0.20129229,"(59, 227, 59)","(196, 28, 196)"
718,Vorfahrt,0.1351568,"(59, 227, 31)","(196, 28, 224)"
719,Zulässige Höchstgeschwindigkeit (70),0.24407497,"(59, 227, 3)","(196, 28, 252)"
720,Verbot der Einfahrt,0.99076712,"(59, 199, 255)","(196, 56, 0)"
721,Verbot der Einfahrt,0.96445483,"(59, 199, 227)","(196, 56, 28)"
722,Verbot der Einfahrt,0.86298132,"(59, 199, 199)","(196, 56, 56)"
723,Verbot der Einfahrt,0.5727362,"(59, 199, 171)","(196, 56, 84)"
724,Verbot der Einfahrt,0.20637491,"(59, 199, 143)","(196, 56, 112)"
725,Vorfahrt,0.16748612,"(59, 199, 115)","(196, 56, 140)"
726,Vorfahrt,0.46917784,"(59, 199, 87)","(196, 56, 168)"
727,Vorfahrt,0.6384306,"(59, 199, 59)","(196, 56, 196)"
728,Vorfahrt gewähren,0.18072073,"(59, 199, 31)","(196, 56, 224)"
729,Verbot für Fahrzeuge aller Art,0.22081198,"(59, 199, 3)","(196, 56, 252)"
730,Verbot der Einfahrt,0.9520936,"(59, 171, 255)","(196, 84, 0)"
731,Verbot der Einfahrt,0.83630288,"(59, 171, 227)","(196, 84, 28)"
732,Verbot der Einfahrt,0.54545426,"(59, 171, 199)","(196, 84, 56)"
733,Vorfahrt,0.22719353,"(59, 171, 171)","(196, 84, 84)"
734,Vorfahrt,0.28468072,"(59, 171, 143)","(196, 84, 112)"
735,Vorfahrt,0.70593554,"(59, 171, 115)","(196, 84, 140)"
736,Vorfahrt,0.85093206,"(59, 171, 87)","(196, 84, 168)"
737,Vorfahrt,0.69807577,"(59, 171, 59)","(196, 84, 196)"
738,Verbot für Fahrzeuge aller Art,0.35448581,"(59, 171, 31)","(196, 84, 224)"
739,Verbot für Fahrzeuge aller Art,0.5694626,"(59, 171, 3)","(196, 84, 252)"
740,Verbot der Einfahrt,0.81770349,"(59, 143, 255)","(196, 112, 0)"
741,Verbot der Einfahrt,0.51958066,"(59, 143, 227)","(196, 112, 28)"
742,Vorfahrt,0.22836669,"(59, 143, 199)","(196, 112, 56)"
743,Vorfahrt,0.25166106,"(59, 143, 171)","(196, 112, 84)"
744,Vorfahrt,0.68284291,"(59, 143, 143)","(196, 112, 112)"
745,Vorfahrt,0.9012478,"(59, 143, 115)","(196, 112, 140)"
746,Vorfahrt,0.83734226,"(59, 143, 87)","(196, 112, 168)"
747,Vorfahrt,0.30367714,"(59, 143, 59)","(196, 112, 196)"
748,Verbot für Fahrzeuge aller Art,0.66744113,"(59, 143, 31)","(196, 112, 224)"
749,Verbot für Fahrzeuge aller Art,0.83722329,"(59, 143, 3)","(196, 112, 252)"
750,Verbot der Einfahrt,0.50450045,"(59, 115, 255)","(196, 140, 0)"
751,Verbot der Einfahrt,0.16758305,"(59, 115, 227)","(196, 140, 28)"
752,Vorfahrt,0.16421323,"(59, 115, 199)","(196, 140, 56)"
753,Vorfahrt,0.54634327,"(59, 115, 171)","(196, 140, 84)"
754,Vorfahrt,0.89343351,"(59, 115, 143)","(196, 140, 112)"
755,Vorfahrt,0.9078241,"(59, 115, 115)","(196, 140, 140)"
756,Vorfahrt,0.70006329,"(59, 115, 87)","(196, 140, 168)"
757,Verbot für Fahrzeuge aller Art,0.65401781,"(59, 115, 59)","(196, 140, 196)"
758,Verbot für Fahrzeuge aller Art,0.88128072,"(59, 115, 31)","(196, 140, 224)"
759,Verbot für Fahrzeuge aller Art,0.95456374,"(59, 115, 3)","(196, 140, 252)"
760,Verbot der Einfahrt,0.14550771,"(59, 87, 255)","(196, 168, 0)"
761,Vorfahrt,0.10552133,"(59, 87, 227)","(196, 168, 28)"
762,Vorfahrt,0.4057512,"(59, 87, 199)","(196, 168, 56)"
763,Vorfahrt,0.85685825,"(59, 87, 171)","(196, 168, 84)"
764,Vorfahrt,0.94570267,"(59, 87, 143)","(196, 168, 112)"
765,Vorfahrt,0.83685535,"(59, 87, 115)","(196, 168, 140)"
766,Vorfahrt,0.39710316,"(59, 87, 87)","(196, 168, 168)"
767,Verbot für Fahrzeuge aller Art,0.89643729,"(59, 87, 59)","(196, 168, 196)"
768,Verbot für Fahrzeuge aller Art,0.96122736,"(59, 87, 31)","(196, 168, 224)"
769,Verbot für Fahrzeuge aller Art,0.98479986,"(59, 87, 3)","(196, 168, 252)"
770,Vorfahrt,0.06759395,"(59, 59, 255)","(196, 196, 0)"
771,Vorfahrt,0.28839016,"(59, 59, 227)","(196, 196, 28)"
772,Vorfahrt,0.77764791,"(59, 59, 199)","(196, 196, 56)"
773,Vorfahrt,0.95898849,"(59, 59, 171)","(196, 196, 84)"
774,Vorfahrt,0.92534637,"(59, 59, 143)","(196, 196, 112)"
775,Vorfahrt,0.65088636,"(59, 59, 115)","(196, 196, 140)"
776,Verbot für Fahrzeuge aller Art,0.79522526,"(59, 59, 87)","(196, 196, 168)"
777,Verbot für Fahrzeuge aller Art,0.96772391,"(59, 59, 59)","(196, 196, 196)"
778,Verbot für Fahrzeuge aller Art,0.98777711,"(59, 59, 31)","(196, 196, 224)"
779,Verbot für Fahrzeuge aller Art,0.9948349,"(59, 59, 3)","(196, 196, 252)"
780,Vorfahrt,0.21202299,"(59, 31, 255)","(196, 224, 0)"
781,Vorfahrt,0.68254697,"(59, 31, 227)","(196, 224, 28)"
782,Vorfahrt,0.95348591,"(59, 31, 199)","(196, 224, 56)"
783,Vorfahrt,0.96570379,"(59, 31, 171)","(196, 224, 84)"
784,Vorfahrt,0.81846154,"(59, 31, 143)","(196, 224, 112)"
785,Verbot für Fahrzeuge aller Art,0.60387868,"(59, 31, 115)","(196, 224, 140)"
786,Verbot für Fahrzeuge aller Art,0.96271992,"(59, 31, 87)","(196, 224, 168)"
787,Verbot für Fahrzeuge aller Art,0.9914214,"(59, 31, 59)","(196, 224, 196)"
788,Verbot für Fahrzeuge aller Art,0.9973762,"(59, 31, 31)","(196, 224, 224)"
789,Verbot für Fahrzeuge aller Art,0.99906582,"(59, 31, 3)","(196, 224, 252)"
790,Vorfahrt,0.20041886,"(59, 3, 255)","(196, 252, 0)"
791,Vorfahrt,0.72860277,"(59, 3, 227)","(196, 252, 28)"
792,Vorfahrt,0.94517928,"(59, 3, 199)","(196, 252, 56)"
793,Vorfahrt,0.88139367,"(59, 3, 171)","(196, 252, 84)"
794,Verbot für Fahrzeuge aller Art,0.5507763,"(59, 3, 143)","(196, 252, 112)"
795,Verbot für Fahrzeuge aller Art,0.9457348,"(59, 3, 115)","(196, 252, 140)"
796,Verbot für Fahrzeuge aller Art,0.99463695,"(59, 3, 87)","(196, 252, 168)"
797,Verbot für Fahrzeuge aller Art,0.99837673,"(59, 3, 59)","(196, 252, 196)"
798,Verbot für Fahrzeuge aller Art,0.99955589,"(59, 3, 31)","(196, 252, 224)"
799,Verbot für Fahrzeuge aller Art,0.99984741,"(59, 3, 3)","(196, 252, 252)"
800,Verbot der Einfahrt,0.99904686,"(31, 255, 255)","(224, 0, 0)"
801,Verbot der Einfahrt,0.99551576,"(31, 255, 227)","(224, 0, 28)"
802,Verbot der Einfahrt,0.9772653,"(31, 255, 199)","(224, 0, 56)"
803,Verbot der Einfahrt,0.88913488,"(31, 255, 171)","(224, 0, 84)"
804,Verbot der Einfahrt,0.59111947,"(31, 255, 143)","(224, 0, 112)"
805,Verbot der Einfahrt,0.21940029,"(31, 255, 115)","(224, 0, 140)"
806,Verbot der Einfahrt,0.0748496,"(31, 255, 87)","(224, 0, 168)"
807,Vorfahrt,0.05556617,"(31, 255, 59)","(224, 0, 196)"
808,Vorfahrt,0.21071421,"(31, 255, 31)","(224, 0, 224)"
809,Vorfahrt,0.29122415,"(31, 255, 3)","(224, 0, 252)"
810,Verbot der Einfahrt,0.99607486,"(31, 227, 255)","(224, 28, 0)"
811,Verbot der Einfahrt,0.98069406,"(31, 227, 227)","(224, 28, 28)"
812,Verbot der Einfahrt,0.90621692,"(31, 227, 199)","(224, 28, 56)"
813,Verbot der Einfahrt,0.64073241,"(31, 227, 171)","(224, 28, 84)"
814,Verbot der Einfahrt,0.25433618,"(31, 227, 143)","(224, 28, 112)"
815,Verbot der Einfahrt,0.09327693,"(31, 227, 115)","(224, 28, 140)"
816,Vorfahrt,0.13270919,"(31, 227, 87)","(224, 28, 168)"
817,Vorfahrt,0.50425708,"(31, 227, 59)","(224, 28, 196)"
818,Vorfahrt,0.63640356,"(31, 227, 31)","(224, 28, 224)"
819,Vorfahrt,0.2511009,"(31, 227, 3)","(224, 28, 252)"
820,Verbot der Einfahrt,0.98174572,"(31, 199, 255)","(224, 56, 0)"
821,Verbot der Einfahrt,0.91611636,"(31, 199, 227)","(224, 56, 28)"
822,Verbot der Einfahrt,0.67773312,"(31, 199, 199)","(224, 56, 56)"
823,Verbot der Einfahrt,0.28461638,"(31, 199, 171)","(224, 56, 84)"
824,Verbot der Einfahrt,0.1053599,"(31, 199, 143)","(224, 56, 112)"
825,Vorfahrt,0.25975227,"(31, 199, 115)","(224, 56, 140)"
826,Vorfahrt,0.70717293,"(31, 199, 87)","(224, 56, 168)"
827,Vorfahrt,0.86476564,"(31, 199, 59)","(224, 56, 196)"
828,Vorfahrt,0.70620632,"(31, 199, 31)","(224, 56, 224)"
829,Verbot für Fahrzeuge aller Art,0.33924291,"(31, 199, 3)","(224, 56, 252)"
830,Verbot der Einfahrt,0.91395926,"(31, 171, 255)","(224, 84, 0)"
831,Verbot der Einfahrt,0.68603575,"(31, 171, 227)","(224, 84, 28)"
832,Verbot der Einfahrt,0.29579401,"(31, 171, 199)","(224, 84, 56)"
833,Vorfahrt,0.12695974,"(31, 171, 171)","(224, 84, 84)"
834,Vorfahrt,0.43381843,"(31, 171, 143)","(224, 84, 112)"
835,Vorfahrt,0.84043628,"(31, 171, 115)","(224, 84, 140)"
836,Vorfahrt,0.95711023,"(31, 171, 87)","(224, 84, 168)"
837,Vorfahrt,0.89075154,"(31, 171, 59)","(224, 84, 196)"
838,Vorfahrt,0.61411572,"(31, 171, 31)","(224, 84, 224)"
839,Verbot für Fahrzeuge aller Art,0.72792709,"(31, 171, 3)","(224, 84, 252)"
840,Verbot der Einfahrt,0.66550779,"(31, 143, 255)","(224, 112, 0)"
841,Verbot der Einfahrt,0.28758821,"(31, 143, 227)","(224, 112, 28)"
842,Vorfahrt,0.18155412,"(31, 143, 199)","(224, 112, 56)"
843,Vorfahrt,0.52858418,"(31, 143, 171)","(224, 112, 84)"
844,Vorfahrt,0.87456936,"(31, 143, 143)","(224, 112, 112)"
845,Vorfahrt,0.97706842,"(31, 143, 115)","(224, 112, 140)"
846,Vorfahrt,0.95741588,"(31, 143, 87)","(224, 112, 168)"
847,Vorfahrt,0.81057483,"(31, 143, 59)","(224, 112, 196)"
848,Verbot für Fahrzeuge aller Art,0.5557099,"(31, 143, 31)","(224, 112, 224)"
849,Verbot für Fahrzeuge aller Art,0.92525959,"(31, 143, 3)","(224, 112, 252)"
850,Verbot der Einfahrt,0.25365561,"(31, 115, 255)","(224, 140, 0)"
851,Vorfahrt,0.11682735,"(31, 115, 227)","(224, 140, 28)"
852,Vorfahrt,0.39847979,"(31, 115, 199)","(224, 140, 56)"
853,Vorfahrt,0.80411381,"(31, 115, 171)","(224, 140, 84)"
854,Vorfahrt,0.9696306,"(31, 115, 143)","(224, 140, 112)"
855,Vorfahrt,0.97989869,"(31, 115, 115)","(224, 140, 140)"
856,Vorfahrt,0.90476567,"(31, 115, 87)","(224, 140, 168)"
857,Vorfahrt,0.52660549,"(31, 115, 59)","(224, 140, 196)"
858,Verbot für Fahrzeuge aller Art,0.90091211,"(31, 115, 31)","(224, 140, 224)"
859,Verbot für Fahrzeuge aller Art,0.98250407,"(31, 115, 3)","(224, 140, 252)"
860,Verbot der Einfahrt,0.08196791,"(31, 87, 255)","(224, 168, 0)"
861,Vorfahrt,0.2793,"(31, 87, 227)","(224, 168, 28)"
862,Vorfahrt,0.71119314,"(31, 87, 199)","(224, 168, 56)"
863,Vorfahrt,0.95157743,"(31, 87, 171)","(224, 168, 84)"
864,Vorfahrt,0.98834234,"(31, 87, 143)","(224, 168, 112)"
865,Vorfahrt,0.9572649,"(31, 87, 115)","(224, 168, 140)"
866,Vorfahrt,0.73800921,"(31, 87, 87)","(224, 168, 168)"
867,Verbot für Fahrzeuge aller Art,0.74528128,"(31, 87, 59)","(224, 168, 196)"
868,Verbot für Fahrzeuge aller Art,0.98103172,"(31, 87, 31)","(224, 168, 224)"
869,Verbot für Fahrzeuge aller Art,0.99570662,"(31, 87, 3)","(224, 168, 252)"
870,Vorfahrt,0.18516266,"(31, 59, 255)","(224, 196, 0)"
871,Vorfahrt,0.59471869,"(31, 59, 227)","(224, 196, 28)"
872,Vorfahrt,0.91794056,"(31, 59, 199)","(224, 196, 56)"
873,Vorfahrt,0.98839742,"(31, 59, 171)","(224, 196, 84)"
874,Vorfahrt,0.98197353,"(31, 59, 143)","(224, 196, 112)"
875,Vorfahrt,0.87510586,"(31, 59, 115)","(224, 196, 140)"
876,Verbot für Fahrzeuge aller Art,0.54793692,"(31, 59, 87)","(224, 196, 168)"
877,Verbot für Fahrzeuge aller Art,0.94801664,"(31, 59, 59)","(224, 196, 196)"
878,Verbot für Fahrzeuge aller Art,0.99538004,"(31, 59, 31)","(224, 196, 224)"
879,Verbot für Fahrzeuge aller Art,0.9986766,"(31, 59, 3)","(224, 196, 252)"
880,Vorfahrt,0.46556711,"(31, 31, 255)","(224, 224, 0)"
881,Vorfahrt,0.86850739,"(31, 31, 227)","(224, 224, 28)"
882,Vorfahrt,0.9857474,"(31, 31, 199)","(224, 224, 56)"
883,Vorfahrt,0.99237341,"(31, 31, 171)","(224, 224, 84)"
884,Vorfahrt,0.95462608,"(31, 31, 143)","(224, 224, 112)"
885,Vorfahrt,0.63506746,"(31, 31, 115)","(224, 224, 140)"
886,Verbot für Fahrzeuge aller Art,0.87214518,"(31, 31, 87)","(224, 224, 168)"
887,Verbot für Fahrzeuge aller Art,0.99175292,"(31, 31, 59)","(224, 224, 196)"
888,Verbot für Fahrzeuge aller Art,0.99885333,"(31, 31, 31)","(224, 224, 224)"
889,Verbot für Fahrzeuge aller Art,0.99966037,"(31, 31, 3)","(224, 224, 252)"
890,Vorfahrt,0.57846183,"(31, 3, 255)","(224, 252, 0)"
891,Vorfahrt,0.93563515,"(31, 3, 227)","(224, 252, 28)"
892,Vorfahrt,0.99044561,"(31, 3, 199)","(224, 252, 56)"
893,Vorfahrt,0.9760375,"(31, 3, 171)","(224, 252, 84)"
894,Vorfahrt,0.73901814,"(31, 3, 143)","(224, 252, 112)"
895,Verbot für Fahrzeuge aller Art,0.84300202,"(31, 3, 115)","(224, 252, 140)"
896,Verbot für Fahrzeuge aller Art,0.9874149,"(31, 3, 87)","(224, 252, 168)"
897,Verbot für Fahrzeuge aller Art,0.99907291,"(31, 3, 59)","(224, 252, 196)"
898,Verbot für Fahrzeuge aller Art,0.9997744,"(31, 3, 31)","(224, 252, 224)"
899,Verbot für Fahrzeuge aller Art,0.99993968,"(31, 3, 3)","(224, 252, 252)"
900,Verbot der Einfahrt,0.99684179,"(3, 255, 255)","(252, 0, 0)"
901,Verbot der Einfahrt,0.98307699,"(3, 255, 227)","(252, 0, 28)"
902,Verbot der Einfahrt,0.91393018,"(3, 255, 199)","(252, 0, 56)"
903,Verbot der Einfahrt,0.65555108,"(3, 255, 171)","(252, 0, 84)"
904,Verbot der Einfahrt,0.27545619,"(3, 255, 143)","(252, 0, 112)"
905,Verbot der Einfahrt,0.10539208,"(3, 255, 115)","(252, 0, 140)"
906,Verbot der Einfahrt,0.08162182,"(3, 255, 87)","(252, 0, 168)"
907,Vorfahrt,0.1042155,"(3, 255, 59)","(252, 0, 196)"
908,Vorfahrt,0.4342455,"(3, 255, 31)","(252, 0, 224)"
909,Vorfahrt,0.53651309,"(3, 255, 3)","(252, 0, 252)"
910,Verbot der Einfahrt,0.98623431,"(3, 227, 255)","(252, 28, 0)"
911,Verbot der Einfahrt,0.92931831,"(3, 227, 227)","(252, 28, 28)"
912,Verbot der Einfahrt,0.70373052,"(3, 227, 199)","(252, 28, 56)"
913,Verbot der Einfahrt,0.31143576,"(3, 227, 171)","(252, 28, 84)"
914,Verbot der Einfahrt,0.12447917,"(3, 227, 143)","(252, 28, 112)"
915,Verbot der Einfahrt,0.09918864,"(3, 227, 115)","(252, 28, 140)"
916,Vorfahrt,0.22115701,"(3, 227, 87)","(252, 28, 168)"
917,Vorfahrt,0.67029685,"(3, 227, 59)","(252, 28, 196)"
918,Vorfahrt,0.84795189,"(3, 227, 31)","(252, 28, 224)"
919,Vorfahrt,0.65137696,"(3, 227, 3)","(252, 28, 252)"
920,Verbot der Einfahrt,0.94042945,"(3, 199, 255)","(252, 56, 0)"
921,Verbot der Einfahrt,0.74180233,"(3, 199, 227)","(252, 56, 28)"
922,Verbot der Einfahrt,0.34715691,"(3, 199, 199)","(252, 56, 56)"
923,Verbot der Einfahrt,0.145123,"(3, 199, 171)","(252, 56, 84)"
924,Verbot der Einfahrt,0.11395042,"(3, 199, 143)","(252, 56, 112)"
925,Vorfahrt,0.39779603,"(3, 199, 115)","(252, 56, 140)"
926,Vorfahrt,0.81579345,"(3, 199, 87)","(252, 56, 168)"
927,Vorfahrt,0.95099556,"(3, 199, 59)","(252, 56, 196)"
928,Vorfahrt,0.88383305,"(3, 199, 31)","(252, 56, 224)"
929,Vorfahrt,0.59774566,"(3, 199, 3)","(252, 56, 252)"
930,Verbot der Einfahrt,0.76841694,"(3, 171, 255)","(252, 84, 0)"
931,Verbot der Einfahrt,0.37811092,"(3, 171, 227)","(252, 84, 28)"
932,Verbot der Einfahrt,0.16321543,"(3, 171, 199)","(252, 84, 56)"
933,Vorfahrt,0.18849687,"(3, 171, 171)","(252, 84, 84)"
934,Vorfahrt,0.59124488,"(3, 171, 143)","(252, 84, 112)"
935,Vorfahrt,0.90632588,"(3, 171, 115)","(252, 84, 140)"
936,Vorfahrt,0.98153758,"(3, 171, 87)","(252, 84, 168)"
937,Vorfahrt,0.96705186,"(3, 171, 59)","(252, 84, 196)"
938,Vorfahrt,0.84517205,"(3, 171, 31)","(252, 84, 224)"
939,Verbot für Fahrzeuge aller Art,0.4755913,"(3, 171, 3)","(252, 84, 252)"
940,Verbot der Einfahrt,0.39582598,"(3, 143, 255)","(252, 112, 0)"
941,Verbot der Einfahrt,0.17290166,"(3, 143, 227)","(252, 112, 28)"
942,Vorfahrt,0.32490367,"(3, 143, 199)","(252, 112, 56)"
943,Vorfahrt,0.75281775,"(3, 143, 171)","(252, 112, 84)"
944,Vorfahrt,0.95434231,"(3, 143, 143)","(252, 112, 112)"
945,Vorfahrt,0.99211907,"(3, 143, 115)","(252, 112, 140)"
946,Vorfahrt,0.98969674,"(3, 143, 87)","(252, 112, 168)"
947,Vorfahrt,0.94519091,"(3, 143, 59)","(252, 112, 196)"
948,Vorfahrt,0.65995413,"(3, 143, 31)","(252, 112, 224)"
949,Verbot für Fahrzeuge aller Art,0.82725233,"(3, 143, 3)","(252, 112, 252)"
950,Verbot der Einfahrt,0.15727511,"(3, 115, 255)","(252, 140, 0)"
951,Vorfahrt,0.2666451,"(3, 115, 227)","(252, 140, 28)"
952,Vorfahrt,0.68733042,"(3, 115, 199)","(252, 140, 56)"
953,Vorfahrt,0.9347778,"(3, 115, 171)","(252, 140, 84)"
954,Vorfahrt,0.99012113,"(3, 115, 143)","(252, 140, 112)"
955,Vorfahrt,0.99403822,"(3, 115, 115)","(252, 140, 140)"
956,Vorfahrt,0.97661442,"(3, 115, 87)","(252, 140, 168)"
957,Vorfahrt,0.82988346,"(3, 115, 59)","(252, 140, 196)"
958,Verbot für Fahrzeuge aller Art,0.67558551,"(3, 115, 31)","(252, 140, 224)"
959,Verbot für Fahrzeuge aller Art,0.97742313,"(3, 115, 3)","(252, 140, 252)"
960,Vorfahrt,0.17653292,"(3, 87, 255)","(252, 168, 0)"
961,Vorfahrt,0.57326245,"(3, 87, 227)","(252, 168, 28)"
962,Vorfahrt,0.89709038,"(3, 87, 199)","(252, 168, 56)"
963,Vorfahrt,0.98464036,"(3, 87, 171)","(252, 168, 84)"
964,Vorfahrt,0.99590474,"(3, 87, 143)","(252, 168, 112)"
965,Vorfahrt,0.99034369,"(3, 87, 115)","(252, 168, 140)"
966,Vorfahrt,0.92335296,"(3, 87, 87)","(252, 168, 168)"
967,Vorfahrt,0.46820328,"(3, 87, 59)","(252, 168, 196)"
968,Verbot für Fahrzeuge aller Art,0.93387389,"(3, 87, 31)","(252, 168, 224)"
969,Verbot für Fahrzeuge aller Art,0.99622202,"(3, 87, 3)","(252, 168, 252)"
970,Vorfahrt,0.45027736,"(3, 59, 255)","(252, 196, 0)"
971,Vorfahrt,0.84001476,"(3, 59, 227)","(252, 196, 28)"
972,Vorfahrt,0.97437704,"(3, 59, 199)","(252, 196, 56)"
973,Vorfahrt,0.99613476,"(3, 59, 171)","(252, 196, 84)"
974,Vorfahrt,0.99487042,"(3, 59, 143)","(252, 196, 112)"
975,Vorfahrt,0.96994311,"(3, 59, 115)","(252, 196, 140)"
976,Vorfahrt,0.7022059,"(3, 59, 87)","(252, 196, 168)"
977,Verbot für Fahrzeuge aller Art,0.85767686,"(3, 59, 59)","(252, 196, 196)"
978,Verbot für Fahrzeuge aller Art,0.98851866,"(3, 59, 31)","(252, 196, 224)"
979,Verbot für Fahrzeuge aller Art,0.99922001,"(3, 59, 3)","(252, 196, 252)"
980,Vorfahrt,0.75844991,"(3, 31, 255)","(252, 224, 0)"
981,Vorfahrt,0.95727199,"(3, 31, 227)","(252, 224, 28)"
982,Vorfahrt,0.99496859,"(3, 31, 199)","(252, 224, 56)"
983,Vorfahrt,0.99701858,"(3, 31, 171)","(252, 224, 84)"
984,Vorfahrt,0.98859429,"(3, 31, 143)","(252, 224, 112)"
985,Vorfahrt,0.86828023,"(3, 31, 115)","(252, 224, 140)"
986,Verbot für Fahrzeuge aller Art,0.69108033,"(3, 31, 87)","(252, 224, 168)"
987,Verbot für Fahrzeuge aller Art,0.97351778,"(3, 31, 59)","(252, 224, 196)"
988,Verbot für Fahrzeuge aller Art,0.99833018,"(3, 31, 31)","(252, 224, 224)"
989,Verbot für Fahrzeuge aller Art,0.99981946,"(3, 31, 3)","(252, 224, 252)"
990,Vorfahrt,0.89174396,"(3, 3, 255)","(252, 252, 0)"
991,Vorfahrt,0.98750985,"(3, 3, 227)","(252, 252, 28)"
992,Vorfahrt,0.99740428,"(3, 3, 199)","(252, 252, 56)"
993,Vorfahrt,0.99421364,"(3, 3, 171)","(252, 252, 84)"
994,Vorfahrt,0.93959117,"(3, 3, 143)","(252, 252, 112)"
995,Verbot für Fahrzeuge aller Art,0.54549915,"(3, 3, 115)","(252, 252, 140)"
996,Verbot für Fahrzeuge aller Art,0.95933592,"(3, 3, 87)","(252, 252, 168)"
997,Verbot für Fahrzeuge aller Art,0.99725914,"(3, 3, 59)","(252, 252, 196)"
998,Verbot für Fahrzeuge aller Art,0.99980325,"(3, 3, 31)","(252, 252, 224)"
999,Verbot für Fahrzeuge aller Art,0.99996746,"(3, 3, 3)","(252, 252, 252)"
